Path2/Path2CertifiedCachePrototype.lean	8068067ca4901c4692ab058ac9c5d19f081b2f0401c4c04b6bb8411ed908ba25
Path2/Path2CertifiedEvaluatorPrototype.lean	0afb94d0f77973a33fc6e72af92b849cf940ca06ede25a601c0f01cf97080fd0
Path2/Path2CertifiedFunctionalPrototype.lean	816a46541297b55542b0dc23a4d528adbac2ad4b9d2a3a2ad911ca7205329176
Path2/Path2CertifiedIntegralPrototype.lean	8d7c043d1054c369ad9c8c537849b095f2e812a14a80b4bebb564b2d6014170b
Path2/Path2CertifiedLeafPrototype.lean	d7c93aad285a0830bcf5d8ece4ca6eadcb969755e84ed2d748d994da00ae7012
Path2/Path2CertifiedOldFiniteCodes.lean	901343decdb5446b3940fa8a8a3bc33656496bc2bffab7a349ac6659e896c95d
Path2/Path2ConcreteCodeSources.lean	4a06bb5727970b725bbd9e1c24cc6d472802cfb8e2a201471f96bba33d7a2713
Path2/Path2FeasibleDiskPrototype.lean	f0c25c8c5c7bbe3cec77fafd02a8641df9a249131b8f3e74225b31af29695d0f
Path2/Path2FinalAssemblyPrototype.lean	a7cec6d3740c7908e01eeec49b42f7c904703547ee59cd7e3b2f23912a48d2dc
Path2/Path2FiniteEnvelopeProofScratch.lean	47550153bb82d467a0ea85bf2246e5e691fb654bd667de895589e0e47caa1b9e
Path2/Path2FiniteLawLinkPrototype.lean	ab3f5e36099571511903d92a4adf76a63b47e4f4570f9793e38e23bce185af21
Path2/Path2FiniteN01Assembly.lean	2d509c30429c443bd528e330c1c44a15b5a474e1ab5ba7e16aeb1b842e3fde7e
Path2/Path2FiniteN01Shard0000.lean	ad5a06898127cbdcee603c02500238726516efa492b9b10016f1402daebfbdcc
Path2/Path2FiniteN01Shard0001.lean	163cbf9c8305c81aecb7afe4c2cff767cdc7fd094724ed4cb3b19139a650f624
Path2/Path2FiniteN01Shard0002.lean	9d3aa4deb2a5f7bb0638f99662b5b438053a007bc4713285e3f30fc3762ea3d5
Path2/Path2FiniteN01Shard0003.lean	85b547aa99482d11851f1d65d4fb5766215453a48cc0a969268f09e1c65f1a37
Path2/Path2FiniteN01Shard0004.lean	47ef57f2aa16f6a1a9aa594e82eb03511fe2a1f40c98644827c700287dd438b3
Path2/Path2FiniteN01Shard0005.lean	619a96794ffaf75433e9b86cdce4bf42f25f8ba9790f0a8e285c4b753002fd43
Path2/Path2FiniteN02Assembly.lean	6dccab1b33e252a8234245ec3085de9821a781d1affad1e0947ea08975cf1106
Path2/Path2FiniteN02Shard0000.lean	926d74c64ed62a399bab7b1d81bae53a3a2d31b8dc090e015b89a15362259317
Path2/Path2FiniteN02Shard0001.lean	b922dc0842e79c84e71d48ee03a63a4d34290f2f44905e3f4371497de14ab19e
Path2/Path2FiniteN02Shard0002.lean	251c23755967a285b55e2a534c61a026f389e5a4c2aee6eb42256302feaf6c63
Path2/Path2FiniteN02Shard0003.lean	5eeef231bea1e8da9ec3bd5e722b253d4c08584bc57291be53665a7200bfbd2e
Path2/Path2FiniteN02Shard0004.lean	eee1c3af71e29af4ffc27cef5c135314a488170b7b1f463e55b28a8f842a517e
Path2/Path2FiniteN02Shard0005.lean	4b6c7be3441052eab67ccf1f0e41c44c73406537fc369847f82c30929853ba7e
Path2/Path2FiniteN02Shard0006.lean	4566dd215d0c041386438c3a0bc185a082202bcfe3f3c9dbe870405d793de7ad
Path2/Path2FiniteN02Shard0007.lean	dfb99b963caa1534b59ed7b3e46ae9661faff3d607381ab3f7fbd15c599c8742
Path2/Path2FiniteN02Shard0008.lean	35363971edc93e4c36eb9d45127c9cb2db7937c704f2af743cd0a6555d3e50ac
Path2/Path2FiniteN02Shard0009.lean	d425382ab00e187bc0855de702e469574fc36035c2efdb92ae78afe8f8801f92
Path2/Path2FiniteN02Shard0010.lean	0298007c1264dcae16596fa68a4f838eff62ba3b014164bfbfe6af7c4ff41d91
Path2/Path2FiniteN03Assembly.lean	c86b005fd57d61db4da700d45dc1a4875b6972d7daabbd8a581052d16ac49d1f
Path2/Path2FiniteN03Shard0000.lean	742a0b7bb1f1b2849bd88b2a5e9a0bfb963259b4e7c74ca7a4d50cb78a0d21db
Path2/Path2FiniteN03Shard0001.lean	38c4ceb9cf8b9b8876ea6816bfe546aa384bceee780f542c5e16484094662baf
Path2/Path2FiniteN03Shard0002.lean	59bf049ccb1660111f0995caba7aea427707faf4587651ed4e0ab45c796681f3
Path2/Path2FiniteN03Shard0003.lean	0d50c1b5755f17f9fdaf428fa429064a261b71a9fdb0b91aee303e0078e8b186
Path2/Path2FiniteN03Shard0004.lean	e567f93d8de9fa6ad7dfa532471917b3d2b78b2672c9b701e9c3265cbc32b57f
Path2/Path2FiniteN03Shard0005.lean	1dfb039002f42c90777cc3adabfd9d6961615c912b93d6222e15637a75c1f03b
Path2/Path2FiniteN03Shard0006.lean	c9534d64d7e7e173ebfb7bbc9eeb94509b2c4a54b183adbea3b11868b2690d11
Path2/Path2FiniteN03Shard0007.lean	bb81bdf6d04626e8c607e49fc8c5829189121c89e65b61e37c6699a069ad09d7
Path2/Path2FiniteN03Shard0008.lean	e730217531f0dff1d81f612169e3a392c9d7c58fc7ef8c3648ec7bbf7be17917
Path2/Path2FiniteN03Shard0009.lean	a3d15cda24c90afcb2978b928b68d60d6c4f6a562d59f7141feabb6e4c699383
Path2/Path2FiniteN03Shard0010.lean	2b76d9f57830a254dcd88bc0ca6114e36a1e180eb8a12ea72e5c58da49a1b3ae
Path2/Path2FiniteN03Shard0011.lean	4aec285567f07732d7dac3f0eaeb8e656cd3be0ffb26ffd5ceea64711b0a5a9c
Path2/Path2FiniteN03Shard0012.lean	5fed039020af036fa09ea9db6de3d880798193ef96d743276c517f4e46df3a15
Path2/Path2FiniteN03Shard0013.lean	40d7d0565993e27f120675d8f110794980c0206a22b20c61542f1e3eedf83b82
Path2/Path2FiniteN03Shard0014.lean	268c74dab778c4c160f28576847baf88a643eda628d1a66765fc57baf1793097
Path2/Path2FiniteN03Shard0015.lean	c9e72627be64a08cd07a78dea133c457527b86a04c72f5615cbafc7e152df2cb
Path2/Path2FiniteN03Shard0016.lean	4d37a9e7a802abc69880b4e1891d3addb9a5165af8f5100327596b880304c2c1
Path2/Path2FiniteN03Shard0017.lean	d77697d7bcbb865e3e3a8372c314449e6af37c2075380428a0954df35092dba8
Path2/Path2FiniteN03Shard0018.lean	8eca8fa4f4e8e167826316aad94e3035b8411688ba5a914281e725f2208a031c
Path2/Path2FiniteN03Shard0019.lean	1d21ab566ba2487d94c030692f66055f0ac36223d8eeeb64dc62373c26ba2c53
Path2/Path2FiniteN03Shard0020.lean	763dff6cf587ddc1dbd03c1752e85e7118a5a8deeb8e4d778430fa564e534347
Path2/Path2FiniteN03Shard0021.lean	1bf7891418432aadb7838065222abf4a5a909f986def6181d00b54a9035bacc6
Path2/Path2FiniteN03Shard0022.lean	87049a271f57817bf2de662289013bd8b2cb712cd773c46a19662a1816cf670f
Path2/Path2FiniteN03Shard0023.lean	7e67bf245dc9ffa8a0c6cd3daf6611f0394c8ef87047cb7ab57c8242a1a95768
Path2/Path2FiniteN03Shard0024.lean	45c87d4081e7c114ba9298cc2cb903702edf08c4d8110e89eda4fec5cfd88a75
Path2/Path2FiniteN03Shard0025.lean	a44e6c3ff08cc6d20dd3c4b5210391d35b9d28bb976b3d1ba73a1d7da40c4201
Path2/Path2FiniteN04Assembly.lean	656812b77a18fe41049ef9e63c74a7b2f08bb4c78222ac81a7c2d101a0839fd1
Path2/Path2FiniteN04Shard0000.lean	a2a2438a80bf4479605348efede375153de348a151818934a404614622285801
Path2/Path2FiniteN04Shard0001.lean	749c66a6365ad45a5061d148baff7ff619a307dd472b4bd7115f3409a7dfe09e
Path2/Path2FiniteN04Shard0002.lean	0be1afb7199da734884304f3de1de21550bb0f044be9c308acc568c1e2c1a437
Path2/Path2FiniteN04Shard0003.lean	0e83887faa7c9789484fa56a00540a168062dcc82ddfcf52909690a1f3f49825
Path2/Path2FiniteN04Shard0004.lean	6f8cd943a176b230ca7ae3075d08bbddb5b3ff439b48702b9b3f3d0f4953f37e
Path2/Path2FiniteN04Shard0005.lean	98867e8851e572491547d467f0e37daba38a773a3b2ecfd0194de98784462c5c
Path2/Path2FiniteN04Shard0006.lean	4d2e54ff0d35563e6f8d825a2cf9c5cfc6ea453f6186855103546b44e0a858bc
Path2/Path2FiniteN04Shard0007.lean	ca901ba11b690793116824dbf58a828b2c186a0e293f77f745909642a9595b29
Path2/Path2FiniteN04Shard0008.lean	f705046d9f6ae62096ecdf56f3d4f1b2b17d2c5063c9f6c15e8b55b497442a7a
Path2/Path2FiniteN04Shard0009.lean	7608a2dc91cd2dc8f9c44506610614b75e758b79484eb77ee819bb8fcbc38922
Path2/Path2FiniteN04Shard0010.lean	f5d9e54abe5b3b2a51ed7bc85c5c25282f9c5bf66bc2278d59d78d6317efc93d
Path2/Path2FiniteN04Shard0011.lean	2f53f14fcbe91f97fc2ea6787357e6c4ec41f33fc7c6033a2367ac05bd8ba90f
Path2/Path2FiniteN04Shard0012.lean	c481cd6d1674c695292bba53fe03f9233000822a511bd5b6955fff1558b7aa14
Path2/Path2FiniteN04Shard0013.lean	636d75a7cd17b48f5c1c2c6cd3feb90ae7e7286d48cfec82468610dbbcd7003d
Path2/Path2FiniteN04Shard0014.lean	f41e7cffd69401d6a71e8a8f64e1989f6774400ec709312a080219c9d7da4afb
Path2/Path2FiniteN04Shard0015.lean	047e4521a1f2612749a5806291b01e16e864a1cd502a739075ca7f00cb7bfa53
Path2/Path2FiniteN04Shard0016.lean	1b86e3f9ae156a05452e9109d191c910080d326cf4ad18f10e78678a2ae3f44d
Path2/Path2FiniteN04Shard0017.lean	7f7dbe4392cc672de097fa3135a2d87fa4a89c03e926ea3d99e4fd22f34d7c95
Path2/Path2FiniteN04Shard0018.lean	a79e843e20bfb223834df8e200e26e37f39aee39de57c87d42b013194a18c76b
Path2/Path2FiniteN04Shard0019.lean	d3e878b447fed3f6612dd10d0469d1aabd958c2c6a10d310c962fa79c94ee767
Path2/Path2FiniteN04Shard0020.lean	1d257b3da25c69c3ff6e0caebbb91ec631da150a324bd3302afba7540d0eb367
Path2/Path2FiniteN04Shard0021.lean	1009f59acb82ddb80a9292c038f9f30659da4973cfb8081da89ddf7ea60e46c6
Path2/Path2FiniteN04Shard0022.lean	1500a0386fbf09c3a03656f820b65589c6aadbbc3f8f32c23b348f64d8d80142
Path2/Path2FiniteN04Shard0023.lean	16b9748504667bd92a19f01247cc4cf2d061b0d4501d5928035faab2f8ce0021
Path2/Path2FiniteN05Assembly.lean	b421e247a6087a9ae57e510341967839c6cd13a8bda232a785436f812f861ae0
Path2/Path2FiniteN05Shard0000.lean	74bf455f8203ba1c772b9eedae60657d902308d051cbe87bf756ad1ac376e9e8
Path2/Path2FiniteN05Shard0001.lean	82e29079d9a80ff1d990b0cc6ec44d8218c355ade9a3be930a5970c497ee2e3e
Path2/Path2FiniteN05Shard0002.lean	8d9f12347f307a57eb62fd16351c20b13ed4d7fdbe90e2cdae8e579be0969049
Path2/Path2FiniteN05Shard0003.lean	0de2ac4439f01131467cbee80da097170b5bba2c48f78f2ada13cf548b5d2fed
Path2/Path2FiniteN05Shard0004.lean	b143f3628ad5eadd8b4a26a8d4d453db0bbeae45331f0b7f2a979e7e6f0a9335
Path2/Path2FiniteN05Shard0005.lean	c83cdaba00c89a061552479ba4a8c36405c422d080392c30fee3e3cf9e673727
Path2/Path2FiniteN05Shard0006.lean	2eb8b0d21f1e70a3040d1f92459ebfa48bdb41984e5af2e4c9960c2c55c8a27f
Path2/Path2FiniteN05Shard0007.lean	222ff7484cef55deba947f0c634ce2fc3f0b4ad774358b1d2730e0b291a00092
Path2/Path2FiniteN05Shard0008.lean	8868ce3b68533fd1905057bba93a9896d44c5b0f4f5799be8d58b3865062db13
Path2/Path2FiniteN05Shard0009.lean	ca1a5dc5a00c99488a421884abe45121715ae4b85056745ceada75013e47f35d
Path2/Path2FiniteN05Shard0010.lean	dcda038bd5bdbdaa2a6cf00ee8801c335085a992f0eb510d5c1351177064f5d6
Path2/Path2FiniteN05Shard0011.lean	d6f19f120907284f10e82827b66a461fd1557ffe9b396f6d6d087e65b49e5a3b
Path2/Path2FiniteN05Shard0012.lean	840595586c4ee65e644b2c7341fbf6ffd40b4ae45207cacf830709ee9530c2c4
Path2/Path2FiniteN05Shard0013.lean	2df7711777ef3e47a8ef1326fbecfa4073110de555bfcaf9fe2f42eee9020e74
Path2/Path2FiniteN05Shard0014.lean	5ff51ed82154fee815a937ff1cfd17323549d1b8aa83b304f49479329e0116b3
Path2/Path2FiniteN05Shard0015.lean	be72cc6eb33dc2664e76af55a7b917155552cd24af1a013c95ebfb9cb3f3e714
Path2/Path2FiniteN05Shard0016.lean	f485bf53af81d5424527611642330e39a29da21c03d746ae4e4728368eb338cb
Path2/Path2FiniteN05Shard0017.lean	03347675db86d50f29d4ae7c9b4d169490a00e5f7b66e3711af5044f40b1a2ae
Path2/Path2FiniteN05Shard0018.lean	81a535c5ed65b2410acf40614822aef8ed535f7db55b54123a6ddd4e9a57c34e
Path2/Path2FiniteN05Shard0019.lean	2a154a064201f1d82e0f588927d538ee6fd9a0425d6056dd6a5ce3caef32229f
Path2/Path2FiniteN05Shard0020.lean	5a850c6d2c98e7aac44c8c6748335e71b78ea801906355310ee5f170068fb9c2
Path2/Path2FiniteN05Shard0021.lean	8c431fc5234849c32bae0e2f4dcd4eb31e32ba1227a96363b5f2ccb2b81cca67
Path2/Path2FiniteN05Shard0022.lean	034ad0ebcd6a9ee53795248219aefe4f015a5bb2d75038b30a3e8da0ef6e302f
Path2/Path2FiniteN05Shard0023.lean	efea4790a34dd935f1c55c8b0542d15bcb98f9fb939131ab31237b56640cf8f2
Path2/Path2FiniteN06Assembly.lean	123ceaeb303ce41d02fdfda61229ae4dffbea41e9ed2c6d13dd31341b1ff0c60
Path2/Path2FiniteN06Shard0000.lean	58d4fed717f56f6d52f136a8519e08d72ebde83cad9d450ad060dfa9a91c02d3
Path2/Path2FiniteN06Shard0001.lean	3c020263c104e663bc00fe2847d089a6700959d35b32668884b1bbc940dd6170
Path2/Path2FiniteN06Shard0002.lean	178092c5eb252f9ace7deeaa237acc22daf12b15893bf1dac8c214b2cc9b48ae
Path2/Path2FiniteN06Shard0003.lean	abf961f9d0d0387e03017ed230782809a9d729dda3a9fe28cb5f08661a2c66b6
Path2/Path2FiniteN06Shard0004.lean	88b908727a9af2e7e4aef37e04deffe899100681b645b8f12d5ace714a0d545b
Path2/Path2FiniteN06Shard0005.lean	774802ccd6088d062e82fb79b4b7b192068785994e746495c4becce5e4c70d5f
Path2/Path2FiniteN06Shard0006.lean	8fe49d0094e0c2734786c88460bf1b442a993ae86773610653bfe1b5b76b3536
Path2/Path2FiniteN06Shard0007.lean	270bcfac17844fbd00f44bc8057d11908d90dc42ceb12e0c5c4dcc4ed7e0cab3
Path2/Path2FiniteN06Shard0008.lean	b79943ebb58ebdd49b5a53e01c3683fd76a2c680e82047fcb949274be8ebb466
Path2/Path2FiniteN06Shard0009.lean	ce47ec98af6c9c2f77c82a9c8957bac50ec655b47d4c0d62e888d7f7be66bed0
Path2/Path2FiniteN06Shard0010.lean	7963896f8472cb371180096bb3b75e4f217ff521c971efcd3444cd5e93a4a4c1
Path2/Path2FiniteN06Shard0011.lean	12742a4aa7e7aec004fab2dccfbb9e75d890d54146f574ff20e936159bdae319
Path2/Path2FiniteN06Shard0012.lean	1e13465d8920565321ef0ca5a81da3e6a93cca31bbe53631cab404f76e68612a
Path2/Path2FiniteN06Shard0013.lean	e3f11d8f0173ecdafcbd6eaff33fa38368ba1fe88d91c8d0d99860cd978bd316
Path2/Path2FiniteN06Shard0014.lean	04985ed3aba6970c22e1d4cc821485eea56ef83362cdf037c8d8ff1a2651dad3
Path2/Path2FiniteN06Shard0015.lean	25abf5363a8b565d60963d358546de4048c96d244a53768ce2ac924127316025
Path2/Path2FiniteN06Shard0016.lean	4dde56273f1936ee59c226173595358c4e9e5648b9388fa23659ad08ebb975ed
Path2/Path2FiniteN06Shard0017.lean	0584a1a88b4d435edd7c294af9e955981cfbde9f4eefd2829195864be6c848d6
Path2/Path2FiniteN06Shard0018.lean	80b8e23830b5e2f685206b2f477da1ff09d910e0cee791d3117a5b2f2dbf0ab9
Path2/Path2FiniteN06Shard0019.lean	8c693cc49f9eb3508654124e8292bc77cf17d747ce188fb31fc4ad386574407b
Path2/Path2FiniteN07Assembly.lean	b425f234a824011776fccdd466f02cdb78e6fe2d43d1427700823410c8f6f9d6
Path2/Path2FiniteN07Shard0000.lean	2b4f6536d64afcfa59cc1f689d4368ae93eae648f0c9b6d172598697b8c4ffb3
Path2/Path2FiniteN07Shard0001.lean	c2dc13858d9814a5f840c3e4fd9efbd25410da0f0cddec61b92ea5aec94d1cd0
Path2/Path2FiniteN07Shard0002.lean	95a84d1c2515ebf573c396aa35daa8dae43092f7106f8ff7196b4535c8e3fcd4
Path2/Path2FiniteN07Shard0003.lean	3e013c5cb8eb90cca3eecf9940dba9f5fc379d0546fd3fe07b8393550109c9ae
Path2/Path2FiniteN07Shard0004.lean	46e96b2485ed9fa3bd40b3d48f8bde0cfa1ae37b6a67c64e4bac1aaffba0e833
Path2/Path2FiniteN07Shard0005.lean	dcb6906d72896dd3ea157774a9e83f22c16a56148e82df1d11f1f23dc1416447
Path2/Path2FiniteN07Shard0006.lean	78ee7e08fb8a527ae557b5515e77bdd99cb4048cb28a3ecc04d8bd8966f1cc36
Path2/Path2FiniteN07Shard0007.lean	75dcbf9bb432b1db4b4a0622c2c3da8a0c993df3447ac041540423ffaa666240
Path2/Path2FiniteN07Shard0008.lean	ecbb13168fc6ddbc6761b2913208bb036dc8f6b67f79494754071e6e38949809
Path2/Path2FiniteN07Shard0009.lean	1d5cacf109fc6255adea3725135e1d4d99742c05a1a11bb1b6b2d9140e29a9be
Path2/Path2FiniteN07Shard0010.lean	9d4bda7c40f693e9ed64862cc483d9686fd98d6f9ab2bcdbf80e748eb67c6f32
Path2/Path2FiniteN07Shard0011.lean	b4134ac1495077eb4cf20abe4021d0137fc4ca9c9606e3f3789cc6be2b605dd4
Path2/Path2FiniteN07Shard0012.lean	9a80e7ed91758dc4a7b8a1adbb7aa9210603bbce89c182a5ff527d241dedbc32
Path2/Path2FiniteN07Shard0013.lean	aa84736aa07ffdf58db61c73fd86976973e65303f86fa37111f317ed5a847a76
Path2/Path2FiniteN07Shard0014.lean	fc58ce59295a7a707d442d6a94f24f5991118d2438c8d1d4182469d3e5ec422a
Path2/Path2FiniteN07Shard0015.lean	e4a33995da6537f833b8910e79228caac994b7ab797fb024b08edc2c63587295
Path2/Path2FiniteN07Shard0016.lean	a7515f5752cb8ab870a10cd84327e7c6edf7f56805c782a0b093532f93c5a155
Path2/Path2FiniteN08Assembly.lean	19bde748725d280121d5c4c9ad107362816a23480b54ff53128eea02aa24b18a
Path2/Path2FiniteN08Shard0000.lean	918c8ce3f74279af63b716954dd7ae784ecd813cecd7b22c91153e909fcb94f3
Path2/Path2FiniteN08Shard0001.lean	61704bae66a6a9a50e692be89470324a50ae7875841d0a15dc5b94c0f83e05cc
Path2/Path2FiniteN08Shard0002.lean	0838b3cd4d5f3eb1f5426b8d56a92a004e7dd5a5d317c749176aa76ab9f90d42
Path2/Path2FiniteN08Shard0003.lean	2706bc10ca5d9ea57d61ad8fc97362773534dc487e680db63d53cab0ef3fc44d
Path2/Path2FiniteN08Shard0004.lean	96d44177faa85aa99af534d642ea8da0f920a95519a35ef39f302cdc06750649
Path2/Path2FiniteN08Shard0005.lean	a9e1eb8200dbd9188f502f45e801010ddd5ef4d7dc162d8f0b03883b3527c5f2
Path2/Path2FiniteN08Shard0006.lean	4ec93ee02e279cb9ca74a8386996a99786d12f06e9af7024cc7ec101b0313316
Path2/Path2FiniteN08Shard0007.lean	a65a16b3772d35a4b14ce09a37a3f0076d452e04b0e3dc16d9fd11d4b67c3f59
Path2/Path2FiniteN08Shard0008.lean	80ca96345c3d42233a12c874169ea2964f30440a54106af6d73f3c5c9b8b18b9
Path2/Path2FiniteN08Shard0009.lean	02c22f2c5a9543cb922250b51abca13494b0a5660bdac0b62ecd107872ed16b8
Path2/Path2FiniteN08Shard0010.lean	3b29217356455bc88fce6a5934d73b27d310ad04556425cf31fc3ea52caaea6d
Path2/Path2FiniteN08Shard0011.lean	4c4bdc3a5ed357be9532408bc9cf760d74611d6dcd38f4770ec1c39109a6fb4b
Path2/Path2FiniteN08Shard0012.lean	f3ce0a87e4af539a99eb68915011791960d19afc6236e5d4fd27356dfd68a415
Path2/Path2FiniteN08Shard0013.lean	1b6c5d3a42cbd88fd86dbea3b47b78c0a9c4bcf98a6dbab6e4cd097edd1d5ed6
Path2/Path2FiniteN09Assembly.lean	350246e23ec897e4715affb0cdd1752a0d0f8f91df2a3566aacf3201e5cd639f
Path2/Path2FiniteN09Shard0000.lean	ed17f4170db880d408184a9cecf715e181faf55f2d6a5bec2c9f8a0ddd511b70
Path2/Path2FiniteN09Shard0001.lean	8e37810dd3aacb29e4c58d307b94dc92fd29bff3f38a7a103662c1107096534e
Path2/Path2FiniteN09Shard0002.lean	647917f42d3cc9b810b012d0827aa737bc57acb4a07e38d450f7fa5b8f989962
Path2/Path2FiniteN09Shard0003.lean	07aca3446d7bea14ddf8bb120e3e38dd49bcc33418ad5c75b40f5a699e451a91
Path2/Path2FiniteN09Shard0004.lean	afa78f7aa4ac5c631134d3398ec358ae36b101b36e9362841fb061f15fa56b03
Path2/Path2FiniteN09Shard0005.lean	7aea3aca6315a0a5e0727e2b7338911dbccf47d8663f469d1ddd3446f89698b3
Path2/Path2FiniteN09Shard0006.lean	3cf120b97640711949dfb81fb1b9986bae986a9947e40e67b6743c23e1e49e73
Path2/Path2FiniteN09Shard0007.lean	de82d2f5fa22b8e80de9baa1ebbd52c640aac19b4f706968f8fc367d2240e515
Path2/Path2FiniteN09Shard0008.lean	a23293e35bf9b5f7d0d3e45303669025478e83420b97dc44392b441165864e3c
Path2/Path2FiniteN09Shard0009.lean	1aa603da1bb20b3e02a48ac52feb2268af0afe6cfa05a84fcc36c68b820c0683
Path2/Path2FiniteN09Shard0010.lean	6a7162fd10d14425e3ace9640d2adbeacd06381591f6cc8393e4ed96238f53c5
Path2/Path2FiniteN09Shard0011.lean	ebef2d3704a5c0955d7f1b9de7558467f796a7f0ba9e09516d7e5021c9cb39af
Path2/Path2FiniteN09Shard0012.lean	eaa2fc750b149a0dbf4e0c80e38317cc83099d40f2da35988b84239da613e903
Path2/Path2FiniteN09Shard0013.lean	9cb8de7f6e4f1365a37d3cb8c492077d6041cb29e5f3944959b0d609c44a6819
Path2/Path2FiniteN09Shard0014.lean	49970120ef7b350da862e2b8cfec7d5220988208d8112e0eed729f420f6a5ce9
Path2/Path2FiniteN10Assembly.lean	74a31d21e554d1d5604ae9f7d7458b434f9e02bd5125c4a9f2db515afdc5894d
Path2/Path2FiniteN10Shard0000.lean	aff96591019702e05ae30e437faf50f49c866e2026e9b309afa092a658a75d10
Path2/Path2FiniteN10Shard0001.lean	4fc1699c95f8902ba96bfd608accb712c3d523b02372cbe32f977274ac52b397
Path2/Path2FiniteN10Shard0002.lean	373a04537826ae13203465045a07dc6e738726fc6f8105e10a3695c1c6b65c9a
Path2/Path2FiniteN10Shard0003.lean	586429ef252d3856d287cadc235cf589a33c2ae073134cda439194f65839da5b
Path2/Path2FiniteN10Shard0004.lean	f0148a36b733ee1a4c6b47b18281306d5c17a1c401a8eacb6b3a9f498cf2cd5f
Path2/Path2FiniteN10Shard0005.lean	b2cf0315c97541d9bf6d761594967979704020673b0250a703f31f886eb2b4cf
Path2/Path2FiniteN10Shard0006.lean	ddedcfb29f82a17c025571cb40484d5ed1006035adc40f77e02bac4b67836893
Path2/Path2FiniteN10Shard0007.lean	3a4d09545993acc4a7a35e0ca0b49c83a1e24db6fb11e6c4be9d600801a1debd
Path2/Path2FiniteN10Shard0008.lean	3546edaa3f0e3ab6a29a3ed77550505624ee7b5f16210d5dd5919408e4b1ce70
Path2/Path2FiniteN10Shard0009.lean	6633e335d3d826a9bcd543b9fa0ebff8eba1d70ee76a6052953656dd620a3ca1
Path2/Path2FiniteN10Shard0010.lean	5994528b118b467a528ac5aef96f9a0981f32d40bbf5ab5983a8c9bc9b775b26
Path2/Path2FiniteN10Shard0011.lean	d4faa2433a67f3ace6abe374f4d3b2f455deda372093233a4f44eac883429bfe
Path2/Path2FiniteN10Shard0012.lean	c51a2f602c18d9093046125ef208d07f9e87c17fce579c77a527dea24acd9a8f
Path2/Path2FiniteN10Shard0013.lean	a7d7dbd022d67bb43b0b7a0322646c4dbeae517d143dc787e481d726c2616900
Path2/Path2FiniteN10Shard0014.lean	47f50cac3e5758315c3c02ea456833c5eacef0d1e94a8f96cec0868c561499b0
Path2/Path2FiniteN10Shard0015.lean	30111e991cfa249faa62d7b3efd7f09491fc2c66af9e35fa0ef16b0413d39ae6
Path2/Path2FiniteN21Assembly.lean	4b3532e6c2105284d1664523dc94547f2b89d82530c4c1f06b2f90cde8905ed0
Path2/Path2FiniteN21Shard0000.lean	f6b4ff17b528358656ce440df47955bf34bff41441a1b7c2bcb7815045e5413a
Path2/Path2FiniteN21Shard0001.lean	31be535694011983f8b48ae2f79d793a766cabd822e55daf82b76f6ef8c1cd1f
Path2/Path2FiniteN21Shard0002.lean	e721de8762c27505736523ee53558255f8765b2314602917aa1c3be01a0394c1
Path2/Path2FiniteN21Shard0003.lean	1a7a14e0a74644c2d8af0c2915b523839cc23a5306c1a7dac0fe12e0ef25fe68
Path2/Path2FiniteN21Shard0004.lean	5c75cff9cbaf55dec57e24d06c4296bf0000760b5a9dd071e7f7396f322bba8c
Path2/Path2FiniteN21Shard0005.lean	f3207d51a2192c6f0bff705a625a0ab0e773167d034b4af8e46e479caaca4a87
Path2/Path2FiniteN21Shard0006.lean	3f00853ca90d75d6a7b90ba32668abc1e1bfa0608ee3084d92e5f2cf8915987b
Path2/Path2FiniteN21Shard0007.lean	bcb5990f99bda55d2a23c2d818af34862792208e30978c9901f33a8b3e11fa5d
Path2/Path2FiniteN21Shard0008.lean	d61a798795c7614a395361dfe3cb605909e49588c37fee4656fb396fb0ea8d51
Path2/Path2FiniteN21Shard0009.lean	eb351b46fabcb30a99c02543276bd00aeca82b0a830d8b7de84eed80aba018af
Path2/Path2FiniteN21Shard0010.lean	a0dd76f65f684017b6724a7b69fae73bc2cdc0d3c27a52b509d4f4c544dc8f79
Path2/Path2FiniteN21Shard0011.lean	6333d445e3a4ac0b5271e0461ea1e8afe4d2c85b0cb1d39f4cd4bd8555321f2a
Path2/Path2FiniteN21Shard0012.lean	e3eac82566f93ac07468d0e00a16983ae34168e57434b46f94e8226792bc98be
Path2/Path2FiniteN21Shard0013.lean	687712243d328a9c67d7ccc096fe9ab99a27bc9ed3f3639b2b2cc76a6d2f00bc
Path2/Path2FiniteN21Shard0014.lean	bbf0ca259cb66c55adc8f49198e25abf9701c1ec401da85ff618463d3aaba6ad
Path2/Path2FiniteN21Shard0015.lean	4e792cc6c2f208c09cf6e2119f37238ee6405db3a4936eb41fe41086d32df1ef
Path2/Path2FiniteN21Shard0016.lean	e6570795272516358ddc50ae8833253289b4b05b9a9d888db20bdf4ab5b910b7
Path2/Path2FiniteN22Assembly.lean	67eab6a92d7eaccb7905a8469db36a9dc2d18add3131d37c21c425a18c388a0b
Path2/Path2FiniteN22Shard0000.lean	baea76617430d01ad6d76c9c4a871db8dcf37994d2e5015dfae688282f58aace
Path2/Path2FiniteN22Shard0001.lean	531fdf8057891e08e4ad46b1e60d745ccfb55b0735fed642f569f9f7b19de9de
Path2/Path2FiniteN22Shard0002.lean	dfbf89915fc6f3fdb4fb00b7fe1a6062232b78d11eac18a50fd5ab127d0ed744
Path2/Path2FiniteN22Shard0003.lean	577bac890ee295dcd2a7e065eb8027367d3df9dae2d4053814fb86be66da4b6a
Path2/Path2FiniteN22Shard0004.lean	7637584b53e9f2977405b5cdf5d66c84d954ef9d8791066e88b16f876e6ce9ad
Path2/Path2FiniteN22Shard0005.lean	467887dcae0e73a757d25c8aa5103ad49e879b01a9036ffc9640c1d18ebf547c
Path2/Path2FiniteN22Shard0006.lean	1a41bf47b29df90869cced8430765fa6006ede892fd11320f2b8150ed79a233c
Path2/Path2FiniteN22Shard0007.lean	4b00da42c8e20ff10623578f1951c496fb047a5ca4a881eabbe9a5409425024e
Path2/Path2FiniteN22Shard0008.lean	f653295d22af7b034e757cbe51bd0b1389f839ed0a55d1ed6600f859cd7e0f8a
Path2/Path2FiniteN22Shard0009.lean	683fe9d8a965c1b474135f94dc3e8ec16c999cd27c76ad618a3dbe257b9fe76e
Path2/Path2FiniteN22Shard0010.lean	94aecb1d11be58fe71ea5759d34f504c2c893688c585fc82334aba84bcf9f6d4
Path2/Path2FiniteN22Shard0011.lean	58b1ff4a2d55a00a6192cd065a8c50eecd74301ee5335169d24082a5a06c5c19
Path2/Path2FiniteN22Shard0012.lean	9bba8119add02f6ebb711a6cc85f315cd206c4fddea8fd64624155e5ced805d2
Path2/Path2FiniteN22Shard0013.lean	9abaf37639d57300d4e375b96597ae12faa8683fda13948ae841d3b9372df941
Path2/Path2FiniteN22Shard0014.lean	d66b5e5549cb9ee09b0e4c9f74f37826179dd8a3ef614e6264d9fc8121d86afd
Path2/Path2FiniteN22Shard0015.lean	48a77309c786e7c34ee1a05455793305732afdcaf3eccb342c3d5e5636de65ed
Path2/Path2FiniteN22Shard0016.lean	9e8f481752d58f487a81490e8b7cbb8679f1f06b8592e9b8dc62921f214f8f33
Path2/Path2FiniteN22Shard0017.lean	2935b9855505f02668220afd03813c400a4952a458d1305dc6c0ea763ead69f8
Path2/Path2FiniteN22Shard0018.lean	1c3b11654828bf940038029c48338ad27ebbd50233780d7665935567d3812420
Path2/Path2FiniteN22Shard0019.lean	bf640a56e1fdc8d9cfa3384c0cd766521faf7a65983f9fe92cdb7ef53c28bc27
Path2/Path2FiniteN22Shard0020.lean	fd4bad135f965c2d77bf352327cffa79e7f183d244b937771474801719f0d82e
Path2/Path2FiniteN23Assembly.lean	0b91d02e3f4ae07423bbcbc5d224771c462af7ee055768799c2dc85c59f247e6
Path2/Path2FiniteN23Shard0000.lean	c0c5f14f3fd48e61fc6201bb4afafee1ee6aa37daf5300872434866e06092912
Path2/Path2FiniteN23Shard0001.lean	733334250ac457a3d17b0097b396569d0d0c921feab4dc4abd7b9de95625b3a9
Path2/Path2FiniteN23Shard0002.lean	0210557b95d8fab1ee42b5114f65b868a722f840477332f5cd645f864304bc16
Path2/Path2FiniteN23Shard0003.lean	5e3884bf884acbbd0834bb578f4ab5424abea0bf530c6cc6c82749a579e0ddf2
Path2/Path2FiniteN23Shard0004.lean	eb0848e53aff8bab5479462fbbd710cd023a7214945a767f3bdc1f0dada50b4d
Path2/Path2FiniteN23Shard0005.lean	43b0c6b28b2d26f2a555fe2298e2d39591c0590ea1ac60236aa1b82cca2a96b7
Path2/Path2FiniteN23Shard0006.lean	4b470a951cd8e1ab6fc9ca31234939e82015a02b1e6431ab520b95a02eb83c72
Path2/Path2FiniteN23Shard0007.lean	8e5572fac56da7507e830ffc544a3adfe58c3d98b04dddbefa5e486d3665184a
Path2/Path2FiniteN23Shard0008.lean	49cf0275ea327e6df9a49610e51bcd0feaa20c77ffddc21a8c3c9ead6e635ee9
Path2/Path2FiniteN23Shard0009.lean	3084cf6280bac15f063584b7aef6ac5fa4b29621ca5c5b20708afda929baa25d
Path2/Path2FiniteN23Shard0010.lean	140f50413ce9e760b980e13020ed14e42b73b690160f27707036d39872440548
Path2/Path2FiniteN23Shard0011.lean	2abe954111e6dc1c238556f33f4da0651c8f14468ce863cda1c095743af3e6c0
Path2/Path2FiniteN23Shard0012.lean	91b45200c8181b72111631dd24cea06faabdf08a60c34d1317a16d5854889d38
Path2/Path2FiniteN23Shard0013.lean	cd597fb57451f924b0f4d65f303476498262163bec038e6b87cb4f003938d2fb
Path2/Path2FiniteN23Shard0014.lean	328bdb3af453d6bd486df5d8d19bc4b2088c6a4188eeb76f89379d6b825aa4f3
Path2/Path2FiniteN23Shard0015.lean	b2baa56822f5135088034ecbf60daf23d01a2d486480d4a0bcb697cb4931df23
Path2/Path2FiniteN23Shard0016.lean	9b2b16fed30f1937b08cd55df676834c8f401d898e67aede7f508215b1d4bc72
Path2/Path2FiniteN23Shard0017.lean	4d79a948e2f8169f75fee3429d2e6b25988072ecb58abaa8035a20956622b6f0
Path2/Path2FiniteN23Shard0018.lean	f3e403f76921b68038d2f15e311d5411bfe24c74481c0b67b5b37d6d15a01f3b
Path2/Path2FiniteN24Assembly.lean	142ec81e30b7bb764fd5f074814c24a4a45e9fd0619ced6662598b20c6d03fb0
Path2/Path2FiniteN24Shard0000.lean	7b96b43a706c4929df099cf1a1f9b29b12c4edf90933f91ed6b6c226ee24a1cb
Path2/Path2FiniteN24Shard0001.lean	3d9fc953dd9549eb76850709d1b3ef6de527735465bd1f5d0590f2a8ed81d6c2
Path2/Path2FiniteN24Shard0002.lean	c96f214931e0bb9981ebfb5fce9471dca01f9ba0b5a95454771b4b9e28dc76b2
Path2/Path2FiniteN24Shard0003.lean	256285958cc681572b490a5f73f8bd2f2b92eecb814eefe61546d9f684e60b5f
Path2/Path2FiniteN24Shard0004.lean	065f3e429787fc2a912bd4c6f83e8c746641594327d747c03edbc28c332ec8bd
Path2/Path2FiniteN24Shard0005.lean	8a1778f93add00269853db3a7eadd7c33b30d1a6d9dfcd04c6d2abb365b7e557
Path2/Path2FiniteN24Shard0006.lean	28ba7ade85dccc0ebff569edc1da1fc19e3dcd0777a518cb245ac5c17fa944d3
Path2/Path2FiniteN24Shard0007.lean	2252b34835261d4bd6bc25817cdd628353c4f5c8efa01739e1de5dba72efdc04
Path2/Path2FiniteN24Shard0008.lean	71c19a1f4db10ffc4449c27fe29775d84029011b78e1edb327a7a50b36177fb1
Path2/Path2FiniteN24Shard0009.lean	eb13d18ea79e370fee3f9a8d6bc9c355526b2b4f5ab95b34cae05a40c0957dab
Path2/Path2FiniteN24Shard0010.lean	609f51163c1ff2d6a0ae55159c29136fa49e3db955bec21935e2ed35869d7e85
Path2/Path2FiniteN24Shard0011.lean	c11e2a3f84ff51aa178aeda0a65ea48b64b3af69f3f712732aab72d1dc69f41d
Path2/Path2FiniteN24Shard0012.lean	d380924e34157ec608984cd131505f094b24814cb70055fe370f59d39ffdcf66
Path2/Path2FiniteN24Shard0013.lean	06df79579c9fe5222bbcfe83e777bcb4a0977ce2c1d267a11e8d949a83653cdc
Path2/Path2FiniteN24Shard0014.lean	d46650f3ee4250d86cb1be4233faad0f86477cf6f2eb9f62f414c87d3c7ea8e9
Path2/Path2FiniteN24Shard0015.lean	9d98b28bb63694a67c46f3e83848bc4974f1abeb8d62497165d61bc9d43e28bf
Path2/Path2FiniteN24Shard0016.lean	8fd4d78f218c2cb086b198f7a11ad0e8f865aa7ae4049724fff91bad9f2dcc63
Path2/Path2FiniteN24Shard0017.lean	81e29d9ad5252f89d6e1ebdd318c656fe40491c807f16b096b118d83203b9597
Path2/Path2FiniteN24Shard0018.lean	e121d0095eebd70b5469531374496e79887137d31e47ae684a7370d65e1d7efb
Path2/Path2FiniteN25Assembly.lean	408c319b076a3b5df659927d677c66377aff67563bfc919f91f04c53845c0bf3
Path2/Path2FiniteN25Shard0000.lean	13951f6ff89a298ae0df26f5f1bdd3dd7be802bb76f50f55d3b2ea1761cde2b6
Path2/Path2FiniteN25Shard0001.lean	070306828d1232c5da4a8a2a14e28d098296ab5417b18a8a434e6869b63ed94b
Path2/Path2FiniteN25Shard0002.lean	0e82a220b9abb426e0f181f43a2d06ceb667a1549dcdd75f00c5b0cec42f2593
Path2/Path2FiniteN25Shard0003.lean	d093c8be0db9de06d0d7f79ddde613143f0e45712fb5c999338a73c3e8584f59
Path2/Path2FiniteN25Shard0004.lean	dad63837bd29a2c8d0fcf226f7a6bf2f3def2b4d21bea6b57781963b9e39a4e5
Path2/Path2FiniteN25Shard0005.lean	91e6177ffd3750d9b05049ff33bcf022a21f1072a422564f3c16c03ed1601e63
Path2/Path2FiniteN25Shard0006.lean	d409504249f68904a8aef5b0eb1d441fa83e2fec0295745c91aff34bf81559c4
Path2/Path2FiniteN25Shard0007.lean	441fd8546109aca7209df6ebdf0faba066048bceeccd692c7dab0bcb7c9445cd
Path2/Path2FiniteN25Shard0008.lean	20d8d54d7e825838eb41451aea66387e7193835b4fb235f90e202c7b2069b7df
Path2/Path2FiniteN25Shard0009.lean	4b16a4f465b8c70b9df1a8b69c5b20036984b3155de521d80cdeb321070ba0c1
Path2/Path2FiniteN25Shard0010.lean	35fe6e0216df0e56256f09c669c9fbab0497733ca63be6cd9c1ef0d51331a4c7
Path2/Path2FiniteN25Shard0011.lean	54b0f3a9327f89b220ab3815d49a0cfd9c7547c4c25415086763c8d4c430c763
Path2/Path2FiniteN25Shard0012.lean	ef44d348bd30f78bce39d43feadba282d61c976be1fc1cd1e190d935da7be48a
Path2/Path2FiniteN25Shard0013.lean	4536c1fb02e80c505762f76c7af9e3ae313ab248d132b814cb44215c343212c9
Path2/Path2FiniteN25Shard0014.lean	95feca4c1e4a3eaba4db462e4967dbef57f50324a5a78ca2ce614065d9f563b2
Path2/Path2FiniteN25Shard0015.lean	865a5e1ba457ea55f135cce7058db3b6057a2c54c38cf854d8ac513647040afe
Path2/Path2FiniteN25Shard0016.lean	9e9c60faca7d8ed76bbf078a16400a0f2d838a396ed828b41de6acaf83e49d21
Path2/Path2FiniteN25Shard0017.lean	c403859dda6f616a4fe4b9a98eca87e6b279250458a498671ad3c580b96ae213
Path2/Path2FiniteN25Shard0018.lean	127767c1470f2af22bdd945f75642958e8936db46e833c6cc01af1c5a33f76f5
Path2/Path2FiniteN25Shard0019.lean	d697859f474bff4637070a8c8bfee8a24dd5768f88f527aca1f4c1fe4d3fe587
Path2/Path2FiniteN25Shard0020.lean	87381151818bcbe405f6471ee5351d778757832dbb4040a59df88cc9f9e613e6
Path2/Path2FiniteN26Assembly.lean	5c8e6b79b1cbfe68bc69a3be6996f185074b46388aa7c39889eebe2c3ac6eeb4
Path2/Path2FiniteN26Shard0000.lean	931ac06224636b47f1e089a6de3b6d33949688bbf9222b23df5c765d1ef6654a
Path2/Path2FiniteN26Shard0001.lean	fa1264ef8fbaceedf3f03a7594bc1db5203c7fef9999d2f84ac2a0cdb22d337c
Path2/Path2FiniteN26Shard0002.lean	45c214cc3d665b69362b0903208a0707c3effb31e06eac15e07c356acaa0b8ed
Path2/Path2FiniteN26Shard0003.lean	f5e000b93f802384b4d5a152aa8f358695eeecaf0659b2555ec10cd2bcd906d8
Path2/Path2FiniteN26Shard0004.lean	3a61c5cd5d5a7f3ca509698b0d71a8d913efe502977ff4a8498fade683f7535d
Path2/Path2FiniteN26Shard0005.lean	f6e7639d30ee95afb2430529f45ebe609964fe3bedeae38d426725e2b7be1e19
Path2/Path2FiniteN26Shard0006.lean	4595be43ccdfea6f6ca560d9f9a7160450872474ad7301c177daa01d5402f6fe
Path2/Path2FiniteN26Shard0007.lean	0bd136c3d9787334c641e9e121465a923acaabbac20cb016d6a969c467855d1a
Path2/Path2FiniteN26Shard0008.lean	dfa28b9a34b2bb42ebe449e0fa0cf347225c76e82259cf9fc9b746e8673491e6
Path2/Path2FiniteN26Shard0009.lean	53f2a395b59ac4fe4958546d81daa52f055f3ce5813df6f56913f9a614d30108
Path2/Path2FiniteN26Shard0010.lean	24e63d7d4b546607efa271ddbea8c4470accdc465410b927e14f6942831700a2
Path2/Path2FiniteN26Shard0011.lean	fa538dce913597d7f662be03823898b9f57cbe2e8fe4a7db8828993fd45a6583
Path2/Path2FiniteN26Shard0012.lean	e7a67d8d4aca09bbf83156762d992b7d26ef8909df7c416487ee6581641a549a
Path2/Path2FiniteN26Shard0013.lean	456fed87a4b6795e4188bf849b6a3f4ed3c7145b071789733ceec4ad20a7ca38
Path2/Path2FiniteN26Shard0014.lean	ea5095f8301c94c17958415aca61a7b06fa20ba9980b40fd4be5b84ff967104e
Path2/Path2FiniteN26Shard0015.lean	8f6d200a08311ef3c4a87b6a96f61d95e57975e444ae0ce67127280161c48443
Path2/Path2FiniteN26Shard0016.lean	a4f62c03af96901d3cc876d0e57355d20a4f0948b83042574a0af9cc9aae2fce
Path2/Path2FiniteN27Assembly.lean	28d162cd8d7ed931b4d16b699cc3d77e78d59002e72bdf438dd55e960f6f8d56
Path2/Path2FiniteN27Shard0000.lean	154ce593c17d9df58494e0352bac2972e16abe411826c7ba8c34699a131e84b3
Path2/Path2FiniteN27Shard0001.lean	d920c87c4677b92dcc63a0058fbddc8de165745e2bcef9fb554a1e950e369d9a
Path2/Path2FiniteN27Shard0002.lean	2afdff65ff83a0e716977f931081f120d5e057bd23555e5b75aecde4fe292873
Path2/Path2FiniteN27Shard0003.lean	13d61977248aaf2f29606ea74e240328599f876e542adaab9dc8e8e0d0181a0d
Path2/Path2FiniteN27Shard0004.lean	d5443644fe635e8272950853ff26313d4230444c1a95eb4f96c84414500469be
Path2/Path2FiniteN27Shard0005.lean	e564fb084738c2347808147089c92843a404ba4531bf65a24ec50fabe55aef54
Path2/Path2FiniteN27Shard0006.lean	e59d25661e65ed4a87ae35c42563e1b5a8b4e9a1162a58d4b55929aff76c7c17
Path2/Path2FiniteN27Shard0007.lean	e8383de15ed2ab21425dc1b54fee8b7718f7979f1644800068393c7828753fcf
Path2/Path2FiniteN27Shard0008.lean	ee1bb3fdffdc6a38c1dcdb52799428c2ff89840e5446e3577614e5d51e7e2bed
Path2/Path2FiniteN27Shard0009.lean	9092d3d2b4dc147a916571594f80eeec73f57122f8c9a6e2e84091fb40a94e74
Path2/Path2FiniteN27Shard0010.lean	b29c1b4c6e397b5fb3cafb6574e92b2f6196edb2e2472a7ee093104cd0c304c4
Path2/Path2FiniteN27Shard0011.lean	d07041f9ee98f4fdec7d1ab98e6c162addd0743cf6371dce91658f9d86ef7ddc
Path2/Path2FiniteN27Shard0012.lean	cee9d103f21f6d271bcc401450ff2dbe30a9bde14f07d902ce6ae35070f883bb
Path2/Path2FiniteN27Shard0013.lean	72145a3f0aa06c11667c742803d19651cf39564cad6c59ed8aa83593b7b1df61
Path2/Path2FiniteN27Shard0014.lean	169237a84c23530c35d0ebfb9b00c7fdd3ca742663ea50c2ac3b064ae90fca6f
Path2/Path2FiniteN27Shard0015.lean	090793cba3cbc3b573333a4ee620c7259c989e3101ed0e6cec9e622b0229776f
Path2/Path2FiniteN27Shard0016.lean	695c40dc87d05e7f5791b61cab2db07bd9a4b8362eeb3dbcd0534dab32695f30
Path2/Path2FiniteN27Shard0017.lean	e8ebf7a6ade8692796b2b2ae129d808aa421008a15d8e4184786d66ddab71139
Path2/Path2FiniteN27Shard0018.lean	a5aae232db5afa4584f04bb12669af5df75969498fff4cd3785d2e5ed0479fea
Path2/Path2FiniteN27Shard0019.lean	141b730c75fb5a57f779671a60c8abb9d69f11ca77dce794051c1354ca26659d
Path2/Path2FiniteN28Assembly.lean	35a5364a847336686571930a93e590861ac5078d61ec64cf40e094595004d490
Path2/Path2FiniteN28Shard0000.lean	3ffbf94404d590d65a678d2b47823387ad2eb3ab80cce3de02a4afc9b956c276
Path2/Path2FiniteN28Shard0001.lean	5fe9dfb47ad52eab5d6887a701f377ea57d1f04bea7af0ca7893e6527e8f969b
Path2/Path2FiniteN28Shard0002.lean	5b758eec71be1585555a243b34eeb1e67abe333042d4e933b63b071320fcb56e
Path2/Path2FiniteN28Shard0003.lean	38467cdf6f83a56a594cf82e3dc8ef30d60b434e919bb4b24ffd9fa43248a6a1
Path2/Path2FiniteN28Shard0004.lean	2448affa1901b3fb03023bbb3a5f0ea445412d6b887365885b2a9fc72afd8166
Path2/Path2FiniteN28Shard0005.lean	d75866c1c10a2861bb51bf395c38775beb0a4fbcc0bc6ba57410ef1ce9cee520
Path2/Path2FiniteN28Shard0006.lean	47e5cd6e778ee79028a68904592c51dee57b05adc6851c81936c2653fb8e6e5b
Path2/Path2FiniteN28Shard0007.lean	a42f90af6d691ab16994e2843823e5d120b0d90281d85958ce70db53bd4409bf
Path2/Path2FiniteN28Shard0008.lean	e2b79a0c98c3b9b56362cc0b12da06782773d706005b1687d4f350247631a0df
Path2/Path2FiniteN28Shard0009.lean	3166a49371f18e291ab423bdacff392076da1bb88e541ac59fe1dc686f0d63fd
Path2/Path2FiniteN28Shard0010.lean	0914bd477989eb5c5a2ce3008999b020e9106c027088707bf613607259f0a274
Path2/Path2FiniteN28Shard0011.lean	85fa8dd2981b4c02a5e99da2419a14b96a249726962630b5df0555f9596f4454
Path2/Path2FiniteN28Shard0012.lean	9a327935e7982aa9a7a73c98ded9e15a4af26f087b29a78ef591ffd128d584f5
Path2/Path2FiniteN28Shard0013.lean	e3b1690c71788c2cd8b74430a7cdf3203eabd327b0e0ef62fcdf6eb0258a46e9
Path2/Path2FiniteN28Shard0014.lean	632a9fbf546c5e4d46b4bfd30ed0734fa86408547ab58c500f9c6fe87df73675
Path2/Path2FiniteN28Shard0015.lean	02a90dfc12fef475f0350b1656b60a17c66ee99130180caf457a9f28c1b22f0a
Path2/Path2FiniteN28Shard0016.lean	d12fb484d47d483e46cc168a8553d3ae24f00dc8bcd15e393ba5d609b88a601c
Path2/Path2FiniteN28Shard0017.lean	382b903b0275e9287032758d41325c3b368ec0558f8e4606da5dd437a158ad6c
Path2/Path2FiniteN28Shard0018.lean	89755aac49ae08914b18d7300731595bd81e6f2461a18da79b401be0049872a1
Path2/Path2FiniteN28Shard0019.lean	f42dec5c3e7f2c4b42f50ba8ff4cbd17e2e295deec4280edaa2da1751473f99d
Path2/Path2FiniteN28Shard0020.lean	fc998e72721d0d7ffcc9984364550a1ab08b936a02e23e44c2cfc8417f684d8c
Path2/Path2FiniteN29Assembly.lean	4f91ad50311a83f560f4c5025716fe45d62f96935ec248e503dd03e416b939bf
Path2/Path2FiniteN29Shard0000.lean	75d3fc9ca9e14161d1399ecc33d6e57157c6fc1c5f2cfeabc0d03d87bb0a6498
Path2/Path2FiniteN29Shard0001.lean	f33f82bcda00a5bed8da900deb416d399612d68b7179d263caf2158e07635e9d
Path2/Path2FiniteN29Shard0002.lean	cfcff20cf44f0ce8f5698a3cef779f3a6cc1782b0cc966a5ee50d896596473b5
Path2/Path2FiniteN29Shard0003.lean	528d2e3a55c3b534bba61c737e3c42730da3126dc43e74323622c3ee4902147c
Path2/Path2FiniteN29Shard0004.lean	6962edf7d16de71b1de3cb4b7cd365fbfa355fe3343e6aa02a451d3ab04e3e22
Path2/Path2FiniteN29Shard0005.lean	4c4e2fad29481a434ec7e9c092644d43f30cf3db15a5c37c88793b8f1edd22b6
Path2/Path2FiniteN29Shard0006.lean	6a8b94c507f34267d2a58370e58f703d29e82cac962309863778404e7e847619
Path2/Path2FiniteN29Shard0007.lean	2208ade2b68fb5ddc54c90375d78287bd92bf7f8ed2ca7674351aa0f8a02e5ff
Path2/Path2FiniteN29Shard0008.lean	5797b141b21602651a0af730cae0f6bfaee3e714bfc28e1b12b94b0d7dd7b5f5
Path2/Path2FiniteN29Shard0009.lean	f2eef46295e5a39a3380b232d06b2b84b66a43d171b44572d3074ec21f06747c
Path2/Path2FiniteN29Shard0010.lean	53858c0522e83647f2349807c567eba425abdaa64d22203b6b875e65808f0d2a
Path2/Path2FiniteN29Shard0011.lean	3f75b8d16ce56664e63f8c6c089a564719bd02144524e535e56c3e4c75608f24
Path2/Path2FiniteN29Shard0012.lean	3e717e30dc55741ff19185ceb69ddc92ec2c685b8f878b2315d81f49ed26fe7b
Path2/Path2FiniteN29Shard0013.lean	42459a0eae391e7f8eb87e133557974225c15eefe9d147f89454f1192d417d19
Path2/Path2FiniteN29Shard0014.lean	7f529a9e9ed1abdedca686339a9f9e6d8a832ae86df95720f176e5c649ae49e2
Path2/Path2FiniteN29Shard0015.lean	9dc8f640f12b24fb1eda79415649f6faee86d4c841525d204c27cd7d3d61dee8
Path2/Path2FiniteN29Shard0016.lean	d99490f0355799afad337da9256fe797d5647d6a99a6c584cfdda3642b5e6c85
Path2/Path2FiniteN29Shard0017.lean	6e9e494b45a3d8c832c42827a98b472c50b18dc26366a4afe132edc252537876
Path2/Path2FiniteN29Shard0018.lean	f5e5d6b183559b829e5719e9c14e786b43be84247aebf7c3dde8fa93851d0507
Path2/Path2FiniteN29Shard0019.lean	f287c2b49716da3289ff3f94a49d5bc07a9bc369517e122a23926926d3aaba98
Path2/Path2FiniteN29Shard0020.lean	fe2f1024938a27951903befe1732130522dc5a5282833c62c3146f04812829da
Path2/Path2FiniteN30Assembly.lean	af6c62c514fb0320977e4c7017235071d52aa3f27af6145fe70ae8ac4f663998
Path2/Path2FiniteN30Shard0000.lean	06df772e1d9eaee7b4bfc2b2ce4aca82f4546b9ace09027a0110bd175d3c1bf3
Path2/Path2FiniteN30Shard0001.lean	6632e2c15e2c19415f21a5e9e9a92be6e1f5184127efca59b081d7b4de11222c
Path2/Path2FiniteN30Shard0002.lean	ef06aeafbe17aab6bd34fe85aa4ba2ae5ae5372a9b7bbe053fff0944329c15cd
Path2/Path2FiniteN30Shard0003.lean	60ed970d8020313dbada58c92ce4846ea30eb77a9b12c4ef7bd86dc779748d75
Path2/Path2FiniteN30Shard0004.lean	7b0a4919cd43d9d2ce10bcc166d1d865e0ed194e2d0947d691a2c2cbf3a17ac8
Path2/Path2FiniteN30Shard0005.lean	62147ec04223b8dae34ca9f14787b78674eac532f29ba6588d6f04f07eb2db55
Path2/Path2FiniteN30Shard0006.lean	204b4551686adb13989e07c47abc1291688fbaf27df558ed5e94bab135e2217f
Path2/Path2FiniteN30Shard0007.lean	9f29d95b0e4ad419d900591b69153091734a4be6f5f02c944331f11d5fb28c6b
Path2/Path2FiniteN30Shard0008.lean	06956e904dd22ccaf8c04ff2117650289fa7d393a206ecd16a32e103a7d66b56
Path2/Path2FiniteN30Shard0009.lean	4757cbc5c7b4d079d905c77b9b34e00e7060da05d5dcba65f47665abc01ee455
Path2/Path2FiniteN30Shard0010.lean	c653efef01a784e4eed9b6380fe2e2d2aeae85c2cb2a7a5e4c220cbeb8002851
Path2/Path2FiniteN30Shard0011.lean	52d1e0083597b1baf22bc14ccb73430f671a1972d60e929ef6d635e269ef50e3
Path2/Path2FiniteN30Shard0012.lean	98550bfe46559f46ef9cfe06f8ced34c0198a1f2c384f2c44e5b829d4cf087a4
Path2/Path2FiniteN30Shard0013.lean	4fd3812e60310407f35ebfb48626e06fd74ea16eed449f4e066feb338af5dfcf
Path2/Path2FiniteN30Shard0014.lean	ba9421ae2d68f1151fb03d8e040b45e7832b97f5736ca632a1ce7b36c1a26266
Path2/Path2FiniteN30Shard0015.lean	5b0df9e896123619a18cee7bccff3920ae43952ad6f05c6e58bee3dd23b8fb0f
Path2/Path2FiniteN30Shard0016.lean	2c8f04a9e3267b00d8b50c1b307bf7770fec95e35ba09e65a8ccd523dde49525
Path2/Path2FiniteN30Shard0017.lean	2e8e79f0746441e0a8d11bcec81d4ce52838e83682dc21e6cfae11f12f42cdcf
Path2/Path2FiniteN30Shard0018.lean	7a293561460bb0a79f83b09c996c054e093dcbe8b2a7f38fcaf46e6c6267afd4
Path2/Path2FiniteN30Shard0019.lean	b531c6f1dac8e30c8c50e644388ffe9955268b73f08ddad99ac771d2389f62cf
Path2/Path2FiniteN30Shard0020.lean	fa48028ef465dc953b9872bdb952bbbde4902f13bc1b10bfedab843c97966684
Path2/Path2FiniteN30Shard0021.lean	fb8d7b98119b72cdbd09db373ccba8f3a98fffcb0b1b412b7d8de94ac7707006
Path2/Path2FiniteN31Assembly.lean	5e63e989c6dae787a3cc70f852c936bf010fa1aec4e778edd3ada24d9dc95f36
Path2/Path2FiniteN31Shard0000.lean	d8a72f10eb93854bd3e2590105446b58f20eb17a0e128bb75de943d00e57c69f
Path2/Path2FiniteN31Shard0001.lean	af2310f712bba3002a55e5470f554fd5cc468bafb4ce29fc52d10bee7cfbdf01
Path2/Path2FiniteN31Shard0002.lean	1d7762bbd3e6f18a09fe3fa38316ab1f3b0bedca8660a766c8df2c5cc5cf4f90
Path2/Path2FiniteN31Shard0003.lean	a42aa03971fe90436e9a9f76eda5b39c5ff40bf385222b98af31a5afad0a5af7
Path2/Path2FiniteN31Shard0004.lean	1f5912d666d06ebd21d2aea37c55219e7a2a2c263b8bd2e6ba4e7f9ccb29eb56
Path2/Path2FiniteN31Shard0005.lean	585c1b39c9ae2bd09d494bdbdc72dcc49a4d95afa10be4ee8d256487159b36ee
Path2/Path2FiniteN31Shard0006.lean	0081db8b1314db657038f70a41bd585efb3ee8f0fb9f291287c58bfea5bb8fd9
Path2/Path2FiniteN31Shard0007.lean	9c2cbff22bc57a1d665346d4ee9e838344b8436896013f7700dcbd67c7d02dd3
Path2/Path2FiniteN31Shard0008.lean	202e294b66dc37c002d79f58c93f6934ed2eab6cf4f0161f6775c8cb034a15a9
Path2/Path2FiniteN31Shard0009.lean	e30d2f5da6e60a38b93b82201818e4c1f716f1e79ba66fcc5dfeb6a8ff97c66a
Path2/Path2FiniteN31Shard0010.lean	92c6a52e7afae7ed86d27ed69539491e53ac33925c0649dd0bc2bd7404e3b28d
Path2/Path2FiniteN31Shard0011.lean	c372c2b5cf7588289eb252958214f624334c516cc619e3d04ec9208081d9ab2d
Path2/Path2FiniteN31Shard0012.lean	1663ba9632354c7ba4c33294a036946f901d057afce94fadff84bf779ac7f954
Path2/Path2FiniteN31Shard0013.lean	dc439540d127d081abd3c4d6a9b83bcf00d22268fa43c8910b2a92a63d836262
Path2/Path2FiniteN31Shard0014.lean	3f7304d7660c01478f04beb2016a4c89a53cbb34b53bcf61b3b210b1be076fe3
Path2/Path2FiniteN31Shard0015.lean	a89744fe83ddaa21a19dd459f527bd2b41283332beda15007dc731cae067fbe0
Path2/Path2FiniteN31Shard0016.lean	ae18d3792b5f621f58fbadc4b6ed2a2e8b5248f61ae6aaedd386e09291ad7d82
Path2/Path2FiniteN31Shard0017.lean	386189dc5d414f79192a7c6d16824fa1d1d6354646c067bd270dc0e40132ccde
Path2/Path2FiniteN31Shard0018.lean	ec3747854278b08a2179ad2e9e590030476a18c0b00e8aafa4b2f437f6861e64
Path2/Path2FiniteN31Shard0019.lean	f4771a09564bb7a0fe66c7c71161077874e5d86ecf935707ac88aa4497b56037
Path2/Path2FiniteN31Shard0020.lean	02f9f0a056c952f673e93909a821bcf9357ba8e45c34416a3bfa87da2c6d243f
Path2/Path2FiniteN32Assembly.lean	6cbd7ded00ca5161515f5a258f913c15a1915d13c3746e97b006e8160cbbaf41
Path2/Path2FiniteN32Shard0000.lean	068b9ae5c9ed8cf8a8a611ff05186313bc88007dd4a79ea9010cec4793201444
Path2/Path2FiniteN32Shard0001.lean	05d49e6e0cf70836ff90919595cee1d2384c2cd1f6808c4445b5b1f944e366bd
Path2/Path2FiniteN32Shard0002.lean	902c55d232f488029894bea11801b36525d3a18d05ecc471d64f9d00c7f9449f
Path2/Path2FiniteN32Shard0003.lean	108f8e38af928ecd4c3f545600f4294eca16ae85c7584614157b9aba42b3e57a
Path2/Path2FiniteN32Shard0004.lean	e2d432493a2c3de9f53e5df120af9751eed9672230a4aedaee6613dd87353507
Path2/Path2FiniteN32Shard0005.lean	1f85ec2f6f2c8ec303d0765d52ee89e315604270a9e5ed91b77914cf531f292f
Path2/Path2FiniteN32Shard0006.lean	c3e6f46b5eeccd0b51273ae7e35670f1d6d0dc84ebcb4e46ced1157b4d2bae14
Path2/Path2FiniteN32Shard0007.lean	87aafe3d5dc01568443ec7b08d89ac88c1f1314b0f837a5c5e5977adfaa3735f
Path2/Path2FiniteN32Shard0008.lean	bbadd7a88cd681fafcdca94044289ffa75842e8f00abc19723b7deb521f56b9a
Path2/Path2FiniteN32Shard0009.lean	eb5b6999eb7060788ac0892707250c7c5a71b5a264cb3f03924f912fa1a354a3
Path2/Path2FiniteN32Shard0010.lean	44545c29a136e8297b253817d3e489d7eefc058efc9e8cee31132b718d80c567
Path2/Path2FiniteN32Shard0011.lean	502c0fb46aa94c16bdc632e4aea044d03ff1d6c653f40c8c27025606eb3f9167
Path2/Path2FiniteN32Shard0012.lean	ef1abe467978be32b33ddec9a61458000092e3fbc3eff44004687612f35dd1cc
Path2/Path2FiniteN32Shard0013.lean	440acd62a72d70f8cf201eee9ecc6bd2c563f52b6c465739ecdaf94bd84b4481
Path2/Path2FiniteN32Shard0014.lean	e10a5515da11b4344cb2c231cf11befbe4da2389dcf42d7e1a3a9a6db442abbd
Path2/Path2FiniteN32Shard0015.lean	69ef1492f6995326d02677415c2fd93a8eaa208b6e911eb1fda58bfde1f013f1
Path2/Path2FiniteN32Shard0016.lean	03748c42bf8bba1044f254010103d497c642b00262f0fb4fceb394096303833e
Path2/Path2FiniteN32Shard0017.lean	fa3f46119c033e1a42aa68d029cb9ea36bf034ca225ac8251960317f7d8c4bf5
Path2/Path2FiniteN32Shard0018.lean	cac1ac01e734c5a8fdfc547b49a1bb394ad6ca7de39ae104c4ae35e67b2b7109
Path2/Path2FiniteN33Assembly.lean	ae7eb4a3fcba91814f82753b3d1ec6ed6f645dc5ca084256ab17a5a1f5b009ec
Path2/Path2FiniteN33Shard0000.lean	09e2a1908a62c81db2b917b9f24910c8b8d2728d5277d98dba4a220da10cbfa7
Path2/Path2FiniteN33Shard0001.lean	f0685c68bee9504ee4d1674cd5f3b3a8e937c15321fb14f5f699ad067cee91cc
Path2/Path2FiniteN33Shard0002.lean	9a46aac95bd829df1202c5fc2b1abdaf363db5ee2a618dfc21e8945069b5f3bc
Path2/Path2FiniteN33Shard0003.lean	726705470f8c2e0006b162c58b458186d9d86c200b28e8da75f17c6e17809dfe
Path2/Path2FiniteN33Shard0004.lean	696a0433085397d5ee5abc50e09fa65b252eda75c4499db14bfc9acd05a107ce
Path2/Path2FiniteN33Shard0005.lean	98129db7590f299155604cc0ff01e38beb5554f703edda54e30368d3e302bc27
Path2/Path2FiniteN33Shard0006.lean	ce669eb144e0051ba3f8194ff2cac698ae9e3062f0833b68476ef7b64d1a94b7
Path2/Path2FiniteN33Shard0007.lean	2d6438df72fe3274c0f15709924d1c0aac2006a26396e2f03b92e87c4ac116a8
Path2/Path2FiniteN33Shard0008.lean	ffcf60efe8287a61b7cf159d55892d37e4ec3b9af232cad42a4a71420ff511c8
Path2/Path2FiniteN33Shard0009.lean	de40e4550a919221f9a5102bb316f7d8e701aad42e3aec9a8f910d2976c9e726
Path2/Path2FiniteN33Shard0010.lean	184699763102865a36228be16619be1891f1803ea3afbc8dd6b802ae2c52e225
Path2/Path2FiniteN33Shard0011.lean	571721f4276e717e11ad1700d41a8b829db93a41ca2b58ec30dd3197e5849c66
Path2/Path2FiniteN33Shard0012.lean	41ab4a3693caa17ce89adf8768193c1995c130ecfd029fc5d921163c4b1fb429
Path2/Path2FiniteN33Shard0013.lean	d4c681e977aa9f96606f6914415cd4e5f2e10bfe9ca42c9af5affc781621e61d
Path2/Path2FiniteN33Shard0014.lean	bb54cc0de913a8d641af9bd7371235976348bc433f7ddaf93ddc9cad31eb5dae
Path2/Path2FiniteN33Shard0015.lean	855db5027b52b0d9cdbcd3288eed48b91c535d786630c192a7d696daedb09149
Path2/Path2FiniteN33Shard0016.lean	937d3834dcc936adf11c585b3c2aae523c3e6927cc849362d3cfa0490d6fce0e
Path2/Path2FiniteN33Shard0017.lean	f498f4d31f4011306ad9b4b261579acc686a8769c88cba87979609ddc8529417
Path2/Path2FiniteN33Shard0018.lean	099ccf1bf8f338aa04b4c6df8af882d2e9957fd9ed9af1cad13b24d862ff6604
Path2/Path2FiniteN33Shard0019.lean	2dc86815929a09d44f6150cbd8a0843f13b7dfceee47712e1d29e360952d808e
Path2/Path2FiniteN33Shard0020.lean	0fe1697bca46f791f5fe7810cbb99aa0600eca3b5ed33e16424c81599ae23383
Path2/Path2FiniteN34Assembly.lean	02674b2de9febf43f08b05e9c5c4a14ea15921aaeb674ee4f137e52dc015ee9d
Path2/Path2FiniteN34Shard0000.lean	18ba2ab8bc2b80ba5a3d9e7dfc891f6d12b0e9faa9fa92ee42a68452c1176ef3
Path2/Path2FiniteN34Shard0001.lean	c8fbde8b2591fc6724eb3fddc68174a9c69cd9a9dc34be603f6c8d2ba789783a
Path2/Path2FiniteN34Shard0002.lean	1ba6548dc100a585c667ff415033ef5b0145c2424ea399effb7eb58fcb53d7ed
Path2/Path2FiniteN34Shard0003.lean	56ae5b74a2c935c083c3f6a0767d2d394bd212c528bf34137ed271d5d59fde2f
Path2/Path2FiniteN34Shard0004.lean	31713cb22d5bbec01edb120cfb308239bec0de065e3a48aba7193b9fa64b295c
Path2/Path2FiniteN34Shard0005.lean	47588cbb80f6412c5c94fb153add29ffd7b7c69fa2048dc50796368b9492370f
Path2/Path2FiniteN34Shard0006.lean	c91cf846da17cc5bb6fa425831d13e01ea5b43fff0ae82539c4f4ba8833381f0
Path2/Path2FiniteN34Shard0007.lean	39f8df0714d843697151bdbe50d063d408db27ec27fab18838eb407109d8f930
Path2/Path2FiniteN34Shard0008.lean	e27a352f782db6bf3f1bdec6a819f787678c65893f09b9553119740b432ffc55
Path2/Path2FiniteN34Shard0009.lean	5fd2b2fb70c8a1ac50fd79e0cbf11bf37708a29ba1055ae4a5f24f726d3f0419
Path2/Path2FiniteN34Shard0010.lean	e8cb2facee3653e97901b9c7e84659f028bb1ea775d72cfe1c8c6da2ea94b948
Path2/Path2FiniteN34Shard0011.lean	24fa0113cfbff10cd3c6dd9c214e10cbd63aaba617c4026c9e5e0af7c05b5584
Path2/Path2FiniteN34Shard0012.lean	277d946882aca2c6d0a8a703ee9123560e078f369eabf1769ad01757755d7dec
Path2/Path2FiniteN34Shard0013.lean	932b7ecabd603e3c6ac2ece1657094ec504394f711397b9378991dd826c4964c
Path2/Path2FiniteN34Shard0014.lean	4dc81ed87895c8a8ebe5c5f81e66d49dba0c11417ed9ac729a001d4066ccb749
Path2/Path2FiniteN34Shard0015.lean	c4e1d241dd48679c53e6b499abec9c93f83761f4cce75aa6b9adc0607d93e5ac
Path2/Path2FiniteN34Shard0016.lean	d8a5f2c4f662f329763998273fd40e42f498ecc880341cf0e0cd0781cc137ba7
Path2/Path2FiniteN34Shard0017.lean	bfe3525493d001d63805b6e6d1b28b02734e746864338b789255f1c888b3ed33
Path2/Path2FiniteN34Shard0018.lean	8c21cb9e689f42478d9437b52e7743d26668196402fd5b61844e9e499092d0ce
Path2/Path2FiniteN34Shard0019.lean	19cab79520524ce3ff965658e73bd16ab84e2f7c11dfcb29290a76041af93613
Path2/Path2FiniteN34Shard0020.lean	f7bbbee1053f90090e49950b7067ad0001a7017202d9ea7b126c47100281ba46
Path2/Path2FiniteN34Shard0021.lean	c8ded106e72c0ebe38e06ac99837c08563bc247593321aaea0ee6c4c82c0170c
Path2/Path2FiniteN35Assembly.lean	132fe20ce57f281a899511defacc929f2c9324243719fedca5d18cf4bea7e6c9
Path2/Path2FiniteN35Shard0000.lean	9ce549b56f87a11aa08565cac5559d25392813d5c88eadbb0f5d5b46a539ecac
Path2/Path2FiniteN35Shard0001.lean	b8091ce22d027b193cbdb3d028a9a605c6bd95b8bfe6131e57327075935eb861
Path2/Path2FiniteN35Shard0002.lean	ce871a3f6096815b057610295ce480c3ec7e65b5f7767fe02d40151d7d0180d5
Path2/Path2FiniteN35Shard0003.lean	e52eaba30378b5e65bec895e46a9092cdf4343403e4ab131504dd0da25cdd26e
Path2/Path2FiniteN35Shard0004.lean	9f4f50dc0a61fac6dd5e5741aa2026beac2789d0633ca00f26d6017ef87a7182
Path2/Path2FiniteN35Shard0005.lean	d897b320719654e9504a6336b73fce5d2572e5625fb3cb762657df5dd0bec197
Path2/Path2FiniteN35Shard0006.lean	8a95e647ab299cd6ca108e16beacd2e04d48b8e59b4b92d803441833cc87cfee
Path2/Path2FiniteN35Shard0007.lean	1ca03b90e0a1e6b48fc532afc422c7492ec75c80a671df08b962b72bba87d276
Path2/Path2FiniteN35Shard0008.lean	8a55c33f7544b9dfb13e0ed312c0d47c23078107eb8d4da634542903c22e6143
Path2/Path2FiniteN35Shard0009.lean	10e63dc1f11fcfe5ff50b4b44cc8a8713adc3d0f32ffa5a5e4652f64d3bf5d23
Path2/Path2FiniteN35Shard0010.lean	ce66846c9d7cb14b2d0710091dddc2c83d3a55566fdcc470e062d68317d2da92
Path2/Path2FiniteN35Shard0011.lean	7985f1e07b62051dd90415db71fac3bd70dde653d1abba28e628c5239761fd61
Path2/Path2FiniteN35Shard0012.lean	a3fa187416507976f3bbf5b618b74523e0bd2ae057cafef515ca6b1176f1d163
Path2/Path2FiniteN35Shard0013.lean	3f4b02db0a2467a6cf79b78ee3ed88efe358d075159cff04badf8e0864e19c73
Path2/Path2FiniteN35Shard0014.lean	bb2ec76626e864fdb6c0c006467bc72c4f4b8c1bb28f99004e95cbba4baba4d8
Path2/Path2FiniteN35Shard0015.lean	6bfae5db18b95e11c756423e46a6bbb03272198f06e24a2ec647abb360dad7b1
Path2/Path2FiniteN35Shard0016.lean	4c4ffa75ee1ca28d293494d13c0eebdcb7f489025e337e39de3044755e80ecfd
Path2/Path2FiniteN35Shard0017.lean	0a6c9618f241cd1eebc1e77a9fee1b7561db26e3adccc654b619dd490c05acdf
Path2/Path2FiniteN35Shard0018.lean	92529e4b7b1e12b8963f70aa576837a5acbf45f3eab8d2e352c7f1ac573e51d5
Path2/Path2FiniteN35Shard0019.lean	62758cc8e528b82506042674b6a607a698286dd9580661612439e5bbd0b8555f
Path2/Path2FiniteN35Shard0020.lean	c3c458df6b7b13213baa6a22fcac06cc56db18999ac163dca1313db3ada01e83
Path2/Path2FiniteN35Shard0021.lean	25622a9effbe875d6c5569eb6704c3e56e01675c9a9af2af0b78428e9dcf74d6
Path2/Path2FiniteN36Assembly.lean	34f452654c576f4c8f7be45385ee2658107475e4cc8aba748cf0f92cda5c7efd
Path2/Path2FiniteN36Shard0000.lean	2f62f2a44f8ebcccf2158dbf5c66815d1459abd1effbd40d86759695f0621938
Path2/Path2FiniteN36Shard0001.lean	df66890a269ca5ef460f084a4c6de6f58296fbca497f1688aed5259007f38d79
Path2/Path2FiniteN36Shard0002.lean	837b00d2bbc67bb22abda5fae506d228bbd8ae1c8aa84af090052830dded99ba
Path2/Path2FiniteN36Shard0003.lean	e6239b816f0a449ea8818e1128dfaa1052c3314e034f9e2820ce3719a925aa1a
Path2/Path2FiniteN36Shard0004.lean	73be19d64ba78c3361a00d100c907f868599ded267abcde59974884ae8057653
Path2/Path2FiniteN36Shard0005.lean	4390ce621d7309a0b7e5d20ee93fa1340ac3056811e19c7cf325e87b454d9f1c
Path2/Path2FiniteN36Shard0006.lean	859e9ac9ec038c1b7504782e02b804675deb64c2a5ac9214a6f72e3588312ceb
Path2/Path2FiniteN36Shard0007.lean	91956ec9ffc0f8c98a7071a117a0312fa332167dd4be0ca77c285cc94e769868
Path2/Path2FiniteN36Shard0008.lean	b63d524a18311cd0845af5395aed5aec42c256dc8e3bfa06b04a488297917849
Path2/Path2FiniteN36Shard0009.lean	5cee5b551f80e368833bfbdf3ca979467aa87bbc7d7a504d378d471b08311244
Path2/Path2FiniteN36Shard0010.lean	16421368b1753e323ffb8397595eca4f6684f3135b1ea2ebeb1b02a86c911139
Path2/Path2FiniteN36Shard0011.lean	5f5bcc7ec1038b24f93a8705d09de859706cf99bb5d46c49d74346c213295e35
Path2/Path2FiniteN36Shard0012.lean	ee1162a42dda510555fc1d0819eb454cf119637cab8ac6f3f160f4b8010c46cc
Path2/Path2FiniteN36Shard0013.lean	f2e58953fb5191922669a10522426205b66559f0938aeb60c169905d792879ef
Path2/Path2FiniteN36Shard0014.lean	abf5f3272288fbe958ea9a6b90a5d113cfe5878b83b4ccf4d33090d968977bb3
Path2/Path2FiniteN36Shard0015.lean	2997c6e1edd5d125c7e06932667110978940a9a7fa365af72aeb384407764c6f
Path2/Path2FiniteN36Shard0016.lean	fa3779be65383681a915a1f8e485363e16888df67bba00c26850529661b9d5d0
Path2/Path2FiniteN36Shard0017.lean	c69b1cb4aa9d7dde0bfba26eb4b8b5e5c556b77ebfa00c1cca40e3b3e3e0dbab
Path2/Path2FiniteN36Shard0018.lean	4e9b41fdcd4bf773b9cf29d016c286d7e3877c89d100bb59aba225400a95f031
Path2/Path2FiniteN36Shard0019.lean	e251ecea72579ae6855a3c0f741d4c1915029a34d451696269c807c6148218a1
Path2/Path2FiniteN36Shard0020.lean	e7f9bd75bf3f34227ecf2b4b4eec6af1ac756c26c8b6952daa7fff6e7089493a
Path2/Path2FiniteN37Assembly.lean	4b31e3f787cb3596fdb112c0ca9836ea1b24d32b09cc65fe265392f6536c0543
Path2/Path2FiniteN37Shard0000.lean	0d76744206d1319a10175e3a97050acc408dd2586ec70175122ace3e31473b17
Path2/Path2FiniteN37Shard0001.lean	a055f9af2124df95f471a2098f6d33dbc62cd741987f9b51f2b3a17e74817e42
Path2/Path2FiniteN37Shard0002.lean	64abc2d9bcf1e9f139647418905f99550ca0548e7fc8684e0c5c60cf72fc8587
Path2/Path2FiniteN37Shard0003.lean	784c78a3c113ba31cd8abb079ac8c1b0920320d15ce834275ebcb8fdf8f952b3
Path2/Path2FiniteN37Shard0004.lean	2684a7d07e91857c34ee8e83a886464c640bc6f53d0a4bcae376df27a8ab2652
Path2/Path2FiniteN37Shard0005.lean	a677c1227091710b37f12905fd66e6ddfba3c2df68c16e8a669006924d32601e
Path2/Path2FiniteN37Shard0006.lean	16e88e33e5b287364833258947702a226f328cd81c8478dec5a106ad98c5d120
Path2/Path2FiniteN37Shard0007.lean	9360f9d7e823e85104ee36bb7d19cc257cac25f73c607113c6af27f6e470cc33
Path2/Path2FiniteN37Shard0008.lean	a3f9594a4e39790325856c60e2e7a4944c41ca943496e6c8e2a94a347cbfa574
Path2/Path2FiniteN37Shard0009.lean	dbe822d084e92513db3cb800eef6f4e088055ac150c2a26b0e8214722cb44ddf
Path2/Path2FiniteN37Shard0010.lean	515bb67755f9f9bd5b8dcd4d7e3168aac08966e6d7143854e382065295b58b09
Path2/Path2FiniteN37Shard0011.lean	53b8a703ceba86fcc5d0dc60306d45599ffe723408f97d4dcb5072c6a05dd5ac
Path2/Path2FiniteN37Shard0012.lean	3fc98f29808928dddfc40f3ea5f80e512702b58c4dc286e806a14d08fb3b1214
Path2/Path2FiniteN37Shard0013.lean	ef76368765144592a08159e282d8b4ac81b54c8abba4a66bf8110faeff7172dd
Path2/Path2FiniteN37Shard0014.lean	111faab4187e5848de97a41dfbb87360def8e96769692f114793dc81c788c405
Path2/Path2FiniteN37Shard0015.lean	d9584dd091c30beae0062982a9c6abdc45a2dabe9e7db79fae5e72af1d6f82f2
Path2/Path2FiniteN37Shard0016.lean	4198a17d3fcaa980f5b95d9ead289dd9d8c0930b0f2a3e3cf2b3686cbe2e2543
Path2/Path2FiniteN37Shard0017.lean	ea65f963b524cf5d6d82a4a4b2303a4f2a2d8d1c73ee78476dfd1249ad324366
Path2/Path2FiniteN37Shard0018.lean	7219c802fdce0af6560475588b872cd88c1838317a1d4e118acf18efea18b162
Path2/Path2FiniteN37Shard0019.lean	8e7470a0b01c1f9c15a4a301a681a6c55c2fec76370ca8c616ac0f9deeae6411
Path2/Path2FiniteN37Shard0020.lean	8ccb4246e1011a010d97c2603aecae1cb456594d3e5161adc874d4c355eeb1d8
Path2/Path2FiniteN38Assembly.lean	20ec9d01e58b73afbf920e4367a413fb766f78ff6f2b647d90f62669a9be8c8b
Path2/Path2FiniteN38Shard0000.lean	7f2f8b11eade635c646ce37d1983d5ea604293461a4f5aa4fef549db932be3eb
Path2/Path2FiniteN38Shard0001.lean	ce595a540cc60cfde19f6e722ed895289e7a94b67aa75df04df16e928d7b0dea
Path2/Path2FiniteN38Shard0002.lean	b119691bccf5ca793bf96fbf49d8496c4620bcf03a5ab3fa5a675a7163c80689
Path2/Path2FiniteN38Shard0003.lean	daa8589fcb45035c73220d4ba37bdc24b81ab7541d491f3a65447d027ea65cc4
Path2/Path2FiniteN38Shard0004.lean	ad183e42724cfd3ff2f754447f1367f55a1b4d12c7d6d53f2bf4d7b5f0e08729
Path2/Path2FiniteN38Shard0005.lean	3f93fd0e7338bcc2957c6322e600f98d12f67517b573ea3b9752cba0a915c5cb
Path2/Path2FiniteN38Shard0006.lean	b64f416ec4212371d9d20d5327837588abc8886932671696656538cb0ca72e30
Path2/Path2FiniteN38Shard0007.lean	b379630e1c09a61ea977671ab76927fe5260724fb0c2f27229b3295633d4f147
Path2/Path2FiniteN38Shard0008.lean	63078e1eb3200cb2a5e2b5fcb36d0b5f92e43f1310428f5e449859798fd69ab5
Path2/Path2FiniteN38Shard0009.lean	aafc482f21e25e045819b1edadf742377508aa72e053fc771eb23cd4a574ea50
Path2/Path2FiniteN38Shard0010.lean	1f35400e6ada965b354da2d292c19214e38431ad1f0d82ac898bcc593927465d
Path2/Path2FiniteN38Shard0011.lean	63b8eb1951171b95d634727505f523635cb1596d1ac4b076223d2ba3c5328eb4
Path2/Path2FiniteN38Shard0012.lean	c16384608a62fdbe3aeca04aa1bc8f1aa7acb5e5021d7dd4293ff35f0212f06f
Path2/Path2FiniteN38Shard0013.lean	1f54dfe7f1ce9df7e6cfd172ec5196f49104ad0beedcee261ad1d6486354403e
Path2/Path2FiniteN38Shard0014.lean	e549efdd26093ca5c6d062fe33594fafc741a8f66240c923e72011ee4b0bf884
Path2/Path2FiniteN38Shard0015.lean	89f6db72935720f03d632e6fbda5cba50e9da1d0030fd6fe468b6e6f1e2026f2
Path2/Path2FiniteN38Shard0016.lean	fe02c9e04dc26106e8c21a27732ad42b9f92a831f9fae6b780fcce7728397aea
Path2/Path2FiniteN38Shard0017.lean	92062cc1f5088a4c4c6673ed661816040b8a5d4d60d4c9217a641aa813820ad6
Path2/Path2FiniteN38Shard0018.lean	b76d532742d0bfbc98f1038abc122b971ee2404aea4cc134fa26db51940efa85
Path2/Path2FiniteN38Shard0019.lean	0d2e6fd9c2fcc635f879823b528a253a01f7b1340f1a19dba2e858f4f3aea027
Path2/Path2FiniteN38Shard0020.lean	00a11989bcf720ae6a52f81c3d9c9b902454bc1bcf9cc165c90989bf311c3570
Path2/Path2FiniteN39Assembly.lean	d90e64ea6ae6535afa4b14f9e9b44d255cc5364b55f706db5666b0fd9cab580d
Path2/Path2FiniteN39Shard0000.lean	a30e707eb162e93246a520dd1792a681923ca307b4023c1ca912de2a8dc6084f
Path2/Path2FiniteN39Shard0001.lean	169b4ee4ed47d65907f7ff299cd020ffdfa394e062b656e01e63aa9a42369de8
Path2/Path2FiniteN39Shard0002.lean	23f10b17159468d70d93262c0fa869b6c87f1e426caf2d163d1d38f08826d1f6
Path2/Path2FiniteN39Shard0003.lean	29df7052a0d6ac26040ecf3097c64698ec4e4d97dfdf4535c37b8793ae65a643
Path2/Path2FiniteN39Shard0004.lean	211969aabce7e3e250a16e39b8e7443b7ca8888164096ef6c9289fe28ad8fdcb
Path2/Path2FiniteN39Shard0005.lean	a3b756bde9be66b603dfcb3f6a0ecccd8b93884d02f313b02f036f51b211de99
Path2/Path2FiniteN39Shard0006.lean	af1f44456da0bbfa60b956c61f913180d0ae03b941d9b3ed3eb4b686ead0d364
Path2/Path2FiniteN39Shard0007.lean	6292ff5fa449c2d9db27e12524fd3b8059003388d6ceee7d20ef32d9620f2586
Path2/Path2FiniteN39Shard0008.lean	a925851a7cacb241fcecdd6ef5e1b2619c91fadc9e0c4f028e1c400f88fdcd55
Path2/Path2FiniteN39Shard0009.lean	2d52746cfbca32c751c4fde3ffa17c5b10d1649abf58c86ff82b05b171fac0bf
Path2/Path2FiniteN39Shard0010.lean	09b3aaa2ca8ccbd22fb28419068e2146661b39bf0e90ad238fd74536dad3b09e
Path2/Path2FiniteN39Shard0011.lean	fb34d95e5b0c64a5e318668dad303f16c44166ecb542f8cbbf824b745a137002
Path2/Path2FiniteN39Shard0012.lean	e55ec794c0bb19aa0d06629ff54223f42dff176fe3eca82c5889ff1b9ddb387c
Path2/Path2FiniteN39Shard0013.lean	6519e020f06d326e06a8051ca4b6aacd10b766124a5af7f655cacac798f1fbd7
Path2/Path2FiniteN39Shard0014.lean	5e86f0883cac628673608624aa750fad6f96e724ce887664845a8347d57c3820
Path2/Path2FiniteN39Shard0015.lean	71e548f598669cfe9abda480a0180943238b2d771d6b1e584f171413f0ab5b40
Path2/Path2FiniteN39Shard0016.lean	13dbb6938c4ebd31b34ebbb02f6bcc70d3191e451dcaa3c524188c652972d01d
Path2/Path2FiniteN39Shard0017.lean	9b55b812d24702494129faadb2276dc52616a6da0a941c151bfa940caa55e953
Path2/Path2FiniteN39Shard0018.lean	c0bd5c0e434d995bf80578d7540c260d78799c15ae35aec8a1a1d23fc8810a05
Path2/Path2FiniteN40Assembly.lean	55fd65e357437d34d774bc46353427609d531ea24830547cbcdfdfda12a9ea95
Path2/Path2FiniteN40Shard0000.lean	14972a58af8113d3977cfb6bce03ca9e5dbb36a11a4b56e86f12beb6f0dc9a37
Path2/Path2FiniteN40Shard0001.lean	808f854c57fef1346ff78e340c1860ebddeb71bd804d82a2a8c0b850be0ba479
Path2/Path2FiniteN40Shard0002.lean	b496f9e557bdcd268024a357430aa195a0f32d53ba00c497aa62355d65bc07b8
Path2/Path2FiniteN40Shard0003.lean	39539629b9ec18fff8bce96c6ab740a9a291695bf52e66e41dbccf0fef12f25d
Path2/Path2FiniteN40Shard0004.lean	5020d4ff4e99e202be7258efd7d1bfc9449c1e46dbfabbc207e0fc47cee3b43c
Path2/Path2FiniteN40Shard0005.lean	a929b9ea63aad3a58256c4f92fddd18d853cf603e465703b86331b988fac1ac0
Path2/Path2FiniteN40Shard0006.lean	3686644453225a0af9aaddc8dd7a8fcaed6f10a9699bfa9149edd8a05d6b6f6e
Path2/Path2FiniteN40Shard0007.lean	f38bcd2a7f310d5f4513a7221a1acfb361a8930700cae4da95c852248be9b678
Path2/Path2FiniteN40Shard0008.lean	49bd2c9bda65d4e3cb0772b49218dc241df4728560e90d46697cf14e7711e1b8
Path2/Path2FiniteN40Shard0009.lean	680b82d7df46b93801c5e3e8d5e5bb009d49f4323ec4dc3f18966f584a7590c4
Path2/Path2FiniteN40Shard0010.lean	886cb86a62725c715a00f254ce0f2ab068523c3d50d6730339623b7def924806
Path2/Path2FiniteN40Shard0011.lean	cea8685264b472eda9d10d1d10368409582f7cefb75da4d227f46de64e1b6e08
Path2/Path2FiniteN40Shard0012.lean	5c3b753d8803c3436233ce9703cd412c5066d9e040f9888982e7584275349f15
Path2/Path2FiniteN40Shard0013.lean	c8686662e881a81e0adbd339416bd2a99edc066934c316f2231e4266dd7dac15
Path2/Path2FiniteN40Shard0014.lean	2aca458435a4f5cdb74271ebe561e53151f5635b59e12a3646ad6ab974c4b8d9
Path2/Path2FiniteN40Shard0015.lean	917011eba40399d9ebf9e8f6cee5f3a0d802395a3a9e7dd39d0a0a6dbda59fb8
Path2/Path2FiniteN40Shard0016.lean	19f0d55aaad312683d4f50b0d4e18d4e133981852ca7838aabda25a0f1f24f5a
Path2/Path2FiniteN40Shard0017.lean	1c6ad118930a78fd23a8695a1c44bc71d9d4c8ffef2784b5e6db99148c3676a7
Path2/Path2FiniteN40Shard0018.lean	f0c013bfff914ed4bca3137cd9fc012f987f12def6ac67c18f5ff7441c172014
Path2/Path2FiniteN40Shard0019.lean	02e7a56cd08a4734affb90e247cb3f995c4084dd52d892554746ddcac55e2a18
Path2/Path2FiniteN40Shard0020.lean	69ec7b6f2bcce3b4e070d768c30267de9f5633b1f8d637df7627b3bf33548965
Path2/Path2FiniteN41Assembly.lean	6ac800b2252e9571de78383e514be64023cf9cfe512fca06bf23ccd1a73ec6d0
Path2/Path2FiniteN41Shard0000.lean	469db4f9837999ac238b12e6c89465b0e0d96ed85a4681538a0be74b594d3084
Path2/Path2FiniteN41Shard0001.lean	ba0377f916439e248f65cee94a423d5bb5c2017447f59bb6729910e712246aab
Path2/Path2FiniteN41Shard0002.lean	289f6533147a119bdf15afcbecb0ee91120f36fe9ed6d6c11eef8441de03ce1a
Path2/Path2FiniteN41Shard0003.lean	2fd20f13381c86c764ee1943cafc25035ce462f7d8eac55679e09decda3d0f65
Path2/Path2FiniteN41Shard0004.lean	e4d8d655e098e5bf7e860b76315a4b327e043cdfa917ac6681338b31a4506d21
Path2/Path2FiniteN41Shard0005.lean	4cdcca90abd5c4350147f7687e64f04365707f4124eec64f2e95920535791fb5
Path2/Path2FiniteN41Shard0006.lean	af8dc5e25917c471f38380d1c13e8614d217b39efd142fbf0146e850e45fd07d
Path2/Path2FiniteN41Shard0007.lean	31116b0abc2508e355225f7d40e8a03a4abbccf2f9975fbe9b8fa7ed67a60500
Path2/Path2FiniteN41Shard0008.lean	59089182cb56f43c2428a2591520b81fc8cd0bf6d90eee43845f4723fad60a17
Path2/Path2FiniteN41Shard0009.lean	1130e47af6767807f1df20a36d908717fb7fdea3db9f06810fc79699efda58b1
Path2/Path2FiniteN41Shard0010.lean	ffa7c39c0734cedad99d0e3adfc5bdf7e47422ca14bc45efc1ad5d2e905f0683
Path2/Path2FiniteN41Shard0011.lean	7f7ab99ec68caa4fd96a08f2bbcef53224f3db8650c38347b86fa35b82e4e8b7
Path2/Path2FiniteN41Shard0012.lean	0a6dc08e255deaab0e4aaf475e99fc95f97a61f285574a9e5909e1bd6383806a
Path2/Path2FiniteN41Shard0013.lean	cd14cf5d9ce088bdccef1d512ac58f3c43e20113f52050bd82026d4d4a00ec85
Path2/Path2FiniteN41Shard0014.lean	f27e6303e0cd676e016f29c3630a519835aa877ebb4919cd4bda773aba66071c
Path2/Path2FiniteN41Shard0015.lean	7b3d05cfea9d59f31fadb57cda4db2b69b37e43668d2fc9d3683c04619414ff0
Path2/Path2FiniteN41Shard0016.lean	8497874c4f6385676cf57d79f4e04f9c5cbeb2606ab9977fbf2709838c7d53bf
Path2/Path2FiniteN41Shard0017.lean	a3de2d5754d9a8b0fc6e2ed9bcd8d5ea54d52a84e23d06ffb7fa1f7d8d7d0d0e
Path2/Path2FiniteN41Shard0018.lean	ef47fb9578252729f495b025a9d84e148a359b1c81130c1ccf16b64b3eab0d5d
Path2/Path2FiniteN42Assembly.lean	457e25ec8a2e38624dd02b39805604b493f2536786a61ea0c102f161b3184221
Path2/Path2FiniteN42Shard0000.lean	ab405d133b4fd4c866cc54417be3fb44fec5e737eee60a0fec1230087c9919d2
Path2/Path2FiniteN42Shard0001.lean	e0cf629aa5445cf0390b61ab9abffc7dc802ae7e28f74f9721f51491666693c1
Path2/Path2FiniteN42Shard0002.lean	adf07e6c80111fbb7edce758807760ef7768eadba768dab8015cf943fa7bad22
Path2/Path2FiniteN42Shard0003.lean	6e5f9a4cbb776167de41d46f3714c729999c29b02d864755b0c9db749197b1dc
Path2/Path2FiniteN42Shard0004.lean	209be12c76d5092770a5190bf7981b48f1f2f04e64a3a58580f51a5a769cd327
Path2/Path2FiniteN42Shard0005.lean	d418c1f822521a0724aae9d06ba4b6e9a0d538b2c67d716c7748871b356be2bc
Path2/Path2FiniteN42Shard0006.lean	d800c314d03e9b8d33bdc8fb577a6cc5b0081659b185ef70488205e8ed070956
Path2/Path2FiniteN42Shard0007.lean	7b5461746074ff5d6fa21e9b5b13bc56cdd4ddf5b8e8e3ec8f54a2c4ed0f3585
Path2/Path2FiniteN42Shard0008.lean	071fc5e9c2acc4a5cb1fb4bf387a44a2340440889a69d7fae835990e2d532fd8
Path2/Path2FiniteN42Shard0009.lean	cced8fe207a5efdb89700282810122d0afa2dc0193b98e9eddf796151253abcd
Path2/Path2FiniteN42Shard0010.lean	28827556679962079959c23eeccbf5864d7e90ebc5242d9bccdbff2d3ff4345a
Path2/Path2FiniteN42Shard0011.lean	04ee783556aa67b2044e6f3e3f15f08e19f1f569a0fc1532b95c585911559835
Path2/Path2FiniteN42Shard0012.lean	9bc58ae2cc41ab8fedeea262aeb4b7f6b0761879f3988bbf47271783d84cdb17
Path2/Path2FiniteN42Shard0013.lean	1448b93a23f3168070daeaf181966c3e5eaf4230297e95ea1403be69223dcd95
Path2/Path2FiniteN42Shard0014.lean	83d90f9a45f488f117f1184031ba1a43c0dd1f37daf6a504a26c045af5ba05b4
Path2/Path2FiniteN42Shard0015.lean	6afe42a8732c9aa307d710f1d7c709c2a207e841624a5268b9182cad399ee574
Path2/Path2FiniteN42Shard0016.lean	6641d72f136e060a5dd01ad631531af1ffb63a3338c5bd1a600c62d96ca66784
Path2/Path2FiniteN42Shard0017.lean	7b0d54d33224d23fe649fe3ce5aac387936119e562f6a101042b2c5e6e34575a
Path2/Path2FiniteN42Shard0018.lean	e247c46d2fb2c4afe23b9a788efab0f35f8dc91a8f790a556df001fdb1aa1a48
Path2/Path2FiniteN42Shard0019.lean	7f1ba6f85bd52cb59a0f267489ca11c2a61e504093e0894232119030cfdc4be3
Path2/Path2FiniteN42Shard0020.lean	f9a92f48fedbc77242ee21a10505c0a722cdc927ab9ebaafdfd5e1d6cce2c44a
Path2/Path2FiniteN42Shard0021.lean	5dc4f49a5b229b87624440165fb75e2c3455981a32ccb7a2fc7686806c29347c
Path2/Path2FiniteN42Shard0022.lean	5699728f2d40d20a4cb6ee6e3121dfda30799edcff419b94c3deb94a3e34b036
Path2/Path2FiniteN43Assembly.lean	e50dea1954905293bdc717c8be0ed74c154e48a426aa39f51c153e4c28eec1b6
Path2/Path2FiniteN43Shard0000.lean	61f0d23729a010b743042622a8275bab3afacdccb483ba3d5f4b5885943da791
Path2/Path2FiniteN43Shard0001.lean	6a8c8cc0fa3f6a0961f96aec197153a33506248a041a0da6635d76c4c97719e5
Path2/Path2FiniteN43Shard0002.lean	8c188a5446bde21b298370b48baacb0b9be9358fac9216f4c22e5ece5d49968f
Path2/Path2FiniteN43Shard0003.lean	a57e1c1dbbf69a347a148156c947f0dc3740ef051d3f57492ee0851b1322ac28
Path2/Path2FiniteN43Shard0004.lean	8325336ebef340d5a0982a94341df2bc1240bfc6ed573eb12589ee4261c7bbe2
Path2/Path2FiniteN43Shard0005.lean	2a8ca140cfccae5693273f05381f20bacde8762211339d503f2efab307423279
Path2/Path2FiniteN43Shard0006.lean	73fe2564d4fdbf4cd2889083be031db1e3c8897a8d25bd84afb14cd13662341c
Path2/Path2FiniteN43Shard0007.lean	b792723fe5ac6e316af74921aff3b0f535d64a812a408a6f15f8469a37d9c1ae
Path2/Path2FiniteN43Shard0008.lean	e7a973a7d11d4244af75aa079982b5a61f03857e5b9e1ddf595666e4fff56365
Path2/Path2FiniteN43Shard0009.lean	b62ea6424ff35068d543c3c8ab5784c2d870adeaf17aa97ddec50c6ec7ee27f8
Path2/Path2FiniteN43Shard0010.lean	a253643ec2253a0cd2beb8cdad5e843153c3edc1446e9a6728991aa4bdb3fd89
Path2/Path2FiniteN43Shard0011.lean	52bc95c48f8722069b866035dec3e45ea634a33199b0ac182ce5ff32aecf63ab
Path2/Path2FiniteN43Shard0012.lean	9790f0a9b45d861f732379b96a2cffd8f4cdfb0b658a42b92e7177ce25e3dbc0
Path2/Path2FiniteN43Shard0013.lean	b213220d9c5061194a4f1dc9279265fb3fe2b806ee8e9d9d607d90d60ce7ab51
Path2/Path2FiniteN43Shard0014.lean	a5cbb727db29c0ecabe4aebe38eb617d27751dcb3b6854814ee0c4597f6e19d4
Path2/Path2FiniteN43Shard0015.lean	8e2b374a4c64cccbbc19901895c57dd4edfe6035c6e6d5a6c8e7103ad4bcc408
Path2/Path2FiniteN43Shard0016.lean	7151e224367dcf321e91b243e160542e0eebe01036d7a55cb32f5badc5832db5
Path2/Path2FiniteN43Shard0017.lean	1f12505a981c24b891f2072e0a5010ef3cbe9cfa7a31ad93aae2f8fcde86990c
Path2/Path2FiniteN43Shard0018.lean	bcf53a091658c9a2205cc2013117ebe816cc5f275c27caa72632bec50059ce0a
Path2/Path2FiniteN43Shard0019.lean	4f2d322ac83d7f964f8570075711791c9145898692a44e853952cc981d29e339
Path2/Path2FiniteN43Shard0020.lean	ee1a900d1a4f82ae7ed4f820ffedde2bed7ce1bf864c0aaf75a3de207d37dd4a
Path2/Path2FiniteN43Shard0021.lean	c5221ff84ca87f7d66cbd39a41a1aa724a6d30168cf6a74ead2e8d8c0c57ec0e
Path2/Path2FiniteN44Assembly.lean	fdf601c31a01e82b47b584dc048beaa8da2da09c4ce73da57993204cec2b2840
Path2/Path2FiniteN44Shard0000.lean	0927141eefb6da110c5134b674133e55a28af530003497a210c0b44cdfa36de4
Path2/Path2FiniteN44Shard0001.lean	8b4d0c924e449f98a82630e8e9b4166d86ff94d0eb957f88f82d096271337097
Path2/Path2FiniteN44Shard0002.lean	6124d4e10dbb65889b5550939e2fdaf61c6e899f7e6da1d48993e58e6652844f
Path2/Path2FiniteN44Shard0003.lean	5697a8d50288ed8e4e26a2ca25dc556e2ec8a6d522605bdd0a52bc4f9c5bf49f
Path2/Path2FiniteN44Shard0004.lean	f7895b35a4910d93133377cdac8f7c5f0e67e2767d1ac4a77cbb3e3a03e18e1b
Path2/Path2FiniteN44Shard0005.lean	7bb8c6a15b2d0ea64f21600c8fa4985b6f0c3c1b017bde741c03746bec334ad7
Path2/Path2FiniteN44Shard0006.lean	bcb0fb298325e4de8b20bdefe126d852247a45999c0cdd0e487e876c2a519925
Path2/Path2FiniteN44Shard0007.lean	49073a793395412a2c59eabf884ed683e9f536703fdaa4ba2a14db8ccd5f47e0
Path2/Path2FiniteN44Shard0008.lean	35c69ea335e2770e9b7ccfa66122918effcc5e8aed3746692d155c0ec0ace919
Path2/Path2FiniteN44Shard0009.lean	bad4dea1d14f20af47f4105fdb7ecf6d16092152b44d86841d38abc03c5d03cd
Path2/Path2FiniteN44Shard0010.lean	3fac9f31d27ed446339ca1b69f7ae1a00e8e18edaeb7bae99111bb528536b5b3
Path2/Path2FiniteN44Shard0011.lean	c6658741c1a0d630e1e150d79849bc3354fa7cd3dd31993446d76ebbf4a81a99
Path2/Path2FiniteN44Shard0012.lean	65181d2b2f04a8633f07e59fd9f6ce4046bef2dc0503d80308a4fce06e7b8881
Path2/Path2FiniteN44Shard0013.lean	b0aae0c0492ae085cb41325100a1b652b9ece3f08fa8ca29206361b1a0f02bf7
Path2/Path2FiniteN44Shard0014.lean	f11aa63639117e3db0a80ae8ec7b22d6b3b43c053644bab2be4661da6c74aba2
Path2/Path2FiniteN44Shard0015.lean	b0cf1026eb35560537aa138d0f104f6f4404f075257fffe121f07e5b1b99f1a3
Path2/Path2FiniteN44Shard0016.lean	69f7e312262ea8d33e3c26dc0beae9ac9a2b2554a880e41f26137b70f55d91c4
Path2/Path2FiniteN44Shard0017.lean	a235d4a15b94f0441c65d16b15bf5e180842e3fff774f3f39a7a42592da8b638
Path2/Path2FiniteN44Shard0018.lean	ec11ee66b7eb8486d35846a0f1147183c8c3111c0eef7b4493112cdaa15fde5a
Path2/Path2FiniteN45Assembly.lean	e5375267309282e4a78cb5977cd5ab780ef2ca6f08212fd0bcde70497c8004ce
Path2/Path2FiniteN45Shard0000.lean	8db68cb7963ec05930e0e78582b47ad2d1cfd9687a6a58ee32b9efe9298cd05d
Path2/Path2FiniteN45Shard0001.lean	f56d5b0b1c0b71d0c3f8f60e2a7b44587376b507a6977d44b08fc94641848ba7
Path2/Path2FiniteN45Shard0002.lean	dc7c1015f974cbabbf29ae775c395d265fee1c2826c0ae28ffaff3564faa05aa
Path2/Path2FiniteN45Shard0003.lean	07bc53c76b5a323c5e0b38340218a32f4944fdc92b845884eb12c589bff8ea27
Path2/Path2FiniteN45Shard0004.lean	ea3ac9f4d16291a6d70bfa37c6b60553f2a5fb2cab66642d3822d75a4d81b4cf
Path2/Path2FiniteN45Shard0005.lean	7fe8d99c1d0d262c6817d2ad2868ed4fed186992e502f6f55cfb20fd7599d74c
Path2/Path2FiniteN45Shard0006.lean	923ee6199c2b2bfcc5ec22b8cecdbe8bb9268d33e109d06eec73e91c7244fa45
Path2/Path2FiniteN45Shard0007.lean	309a94ef5603dca006b7c8eeef6c19c73ae83c0deb046d7b1bc37c0389024562
Path2/Path2FiniteN45Shard0008.lean	a978892c2adb08ba9f023467566477cf9f2e4ba67e26898eac64a132db7610f1
Path2/Path2FiniteN45Shard0009.lean	cb3cef125c3655251261bd5d77bff1fafa470c89643554b74914dab10cfd3147
Path2/Path2FiniteN45Shard0010.lean	621c016561f555a8403dbde3ea7c0e6f8fea2c10e3f53218b8c86ca0c12b1bfa
Path2/Path2FiniteN45Shard0011.lean	c2a487cfdc9ae71ee872016cb583e135b85e649abc06fac2cbe9e8733d357b7c
Path2/Path2FiniteN45Shard0012.lean	7aad0e2ee95293b49a7fb022ef6ad97767becd52abfca9f7ed57a3457b455a38
Path2/Path2FiniteN45Shard0013.lean	2a07140f0ffeebfa457241ab37486caae18d922548d31214d6b9f5dfdb4af101
Path2/Path2FiniteN45Shard0014.lean	760f651c59d5625e52b290a27649f74a6b4c1acd558f4889bb55c161a2b62097
Path2/Path2FiniteN45Shard0015.lean	4f6640b66bc8c65a25946ace3f7a010f2b87be9a8c618109497c265f1c80135f
Path2/Path2FiniteN45Shard0016.lean	6d521f360c8d6982204233ee316754649f055792dc8375eabfb881df04d5c3c7
Path2/Path2FiniteN45Shard0017.lean	365a526e858798ac9c7253d716934f8777e30367c2a0d8b764acb9d8de5dd893
Path2/Path2FiniteN45Shard0018.lean	cf5c1e4653245d64000dd18ce386168875e51e355c3fc752bf969b45681109c1
Path2/Path2FiniteN45Shard0019.lean	0dfac43396a928ff5e8d6864050d949a90ecb99d7fbe7e056821edb3333e9e4a
Path2/Path2FiniteN45Shard0020.lean	1b1fead9d849e4b7e91967f49010f24286a35ad9ee714348f97ed95fd6c33e57
Path2/Path2FiniteN46Assembly.lean	558535d0c3aae5d0b37a11d6166387881515fd20ceb36df06f6d4bb66a42d5ce
Path2/Path2FiniteN46Shard0000.lean	f2cb0e807af6d340329bc8354d753c1090fcb4538daf84fee0050c951a52d99b
Path2/Path2FiniteN46Shard0001.lean	cb4fcfb643162674982d9594bf399c6b6f349ab2100e470818c624db76db5321
Path2/Path2FiniteN46Shard0002.lean	0b1f9114671def986d89f35d7190144a8a06c1b10de6abe23fea0568520cc591
Path2/Path2FiniteN46Shard0003.lean	e4e2e799348f736edf62897019fdd03af2799df9fe1f0072e442afa4d0f968b3
Path2/Path2FiniteN46Shard0004.lean	b73fe897b137b818aa2ecf1137b332ff57c8d9196114dc35a66cbb99ee02ec8c
Path2/Path2FiniteN46Shard0005.lean	09de658643ee6029a7fa11c1d38a1f92e6a7a0405a39473a51154d9a081c52c9
Path2/Path2FiniteN46Shard0006.lean	acf47d7ff27f57039943f476b343281e2841e204d50e61ab4e96620986a58cb1
Path2/Path2FiniteN46Shard0007.lean	db797525efc8cd522e2589b3419ec06698ed36e3b16b35a64cb5452a65eaf9a9
Path2/Path2FiniteN46Shard0008.lean	c885565032818d07c4e1559d7ecbe67cbe398c7e383c6aacec08fcb5dd29f70e
Path2/Path2FiniteN46Shard0009.lean	1f3501a2ceab60ee701d9d7b14b99ed94e2b09c557671faf5c7547fab7f07815
Path2/Path2FiniteN46Shard0010.lean	2b6656bed5d74631aa8c8be9684b8bfbcd63be0c5e2e562d94cef1c11a173e19
Path2/Path2FiniteN46Shard0011.lean	e8e5840f5b9e8a6ceb3c49c6c38f9b5232291354921947b0b4e2174210a7c9cd
Path2/Path2FiniteN46Shard0012.lean	a8fe21013ef82cb06bc3879d0b8a95729579aab74a908eb977cc8dd0e73d0657
Path2/Path2FiniteN46Shard0013.lean	620e8c9e8ae98c6dd9c4120b0ea6c98d9069837a017a620fba305f1464307602
Path2/Path2FiniteN46Shard0014.lean	3886c3420d23e02d25b4b6078a66113b053dfd9c7db8a5aa07f4031d44410667
Path2/Path2FiniteN46Shard0015.lean	a5876ac41648aa1855d5d7c9ca0a2dda1fc7a9393956c477ecc4961810d579d0
Path2/Path2FiniteN46Shard0016.lean	b6ba85dc5c7c012478752cd58cf5b7f7d04f111871abe4060aae5cf90f5356ce
Path2/Path2FiniteN46Shard0017.lean	f8f8dc4467db2f8dabcfe10dbce8bbb3137c36b316c983b024f473e3c97ba992
Path2/Path2FiniteN46Shard0018.lean	f6fcd7cc42ea2940383fd68cbabb862b21800ed88fbdb0fc9abf62a6fc606afc
Path2/Path2FiniteN46Shard0019.lean	b429a9c28b10fb8b682aba48916d286b1f46dec1052ba0198b5832fa1ac4f96e
Path2/Path2FiniteN46Shard0020.lean	2966cd2ab9d7e8388cecfe36c43bb437f4a1552cde5be31c2fcddb015de1ddc7
Path2/Path2FiniteN47Assembly.lean	dcf5d79d7cdeb2099b146ade2ef2192e01617d900af699eb014fb5033bbf58d6
Path2/Path2FiniteN47Shard0000.lean	1bdc0ce8b6cccd0d535cad29f8f6b6e9874d40dea7c0120ac36ad9cebc62d57b
Path2/Path2FiniteN47Shard0001.lean	d9c267fc7418c37bb2608304100f72e42e6282f4b9b11246d660cb456492a61b
Path2/Path2FiniteN47Shard0002.lean	53a2e10c0aa4b71ebb5983fdd64e6175e65938f58f09c9cf83e878aaebbd66fb
Path2/Path2FiniteN47Shard0003.lean	cdc53040cd1977a491d5f4242d57db793c56a133ac2033ec7b7f6b32d6046b91
Path2/Path2FiniteN47Shard0004.lean	9dc61de0f2c8d5986865ffeb7a749ac4b35a3e943c04dea77a7a5fee5892e6e5
Path2/Path2FiniteN47Shard0005.lean	e488fefb1e74cf738c0392655e5b206a82bde09db946e923302e25e913568278
Path2/Path2FiniteN47Shard0006.lean	8f53ed104c7f668cd47f3bfb5f938e3380e9bab29cf00220b410ee724202c02b
Path2/Path2FiniteN47Shard0007.lean	a0d2c1b9c689a7d91487b7ad828590b9432aa2cfb1c62a2cc8669a8c7848beaf
Path2/Path2FiniteN47Shard0008.lean	4aa303aedd3fc92a940e3d08b60307bff8b270500c0387247db67e791e94076e
Path2/Path2FiniteN47Shard0009.lean	363ea6db3b3c7e6d8631beb61bd4171f06a114df493a9eeecb8ad6ff028f60af
Path2/Path2FiniteN47Shard0010.lean	f79283b5509168327b4536b427b5bae5a49192a8431c5b0511f98b5ba6a92f76
Path2/Path2FiniteN47Shard0011.lean	f0a6669f67b5c0f0fe36bdb8908026d20074879cd8035e7854fa55644480474a
Path2/Path2FiniteN47Shard0012.lean	2c76cef1c0328775689a8b95abd6142f33c120738cc6beb990ab4dfb23f9e4f5
Path2/Path2FiniteN47Shard0013.lean	395aa582eff1173e3d461868b03cffe9607427e2109cfa981ccdbf79b59b09eb
Path2/Path2FiniteN47Shard0014.lean	6535a8212ac5badc1d9be42f910863964494078887647d2fc2383d867b5b6eba
Path2/Path2FiniteN47Shard0015.lean	2a759a83b5e518ea6f2735c24d3aca716a8b26b2afd1458b672fe5fd210f15d0
Path2/Path2FiniteN47Shard0016.lean	60d06eb6cc901555ce5c8f0c97d95a03a3ab835e354b9f29f2e027d2afeff1d3
Path2/Path2FiniteN47Shard0017.lean	4ec3da9a93421e2d01c402a61d69b251afd6f9075d9bf62725383f2e33124ecf
Path2/Path2FiniteN47Shard0018.lean	f93b7ae7006f321fb63f2dedea39690cc2a4c53f68d7252acbe0808f042c230e
Path2/Path2FiniteN47Shard0019.lean	d1c13feedec4a5880feef24dd164215bf8d4948310f23a1313fa77c7980203fd
Path2/Path2FiniteN47Shard0020.lean	fdd65d51d002aafbbeb98450d98c22b32d6b17d718b01efc7545b17bf314cc69
Path2/Path2FiniteN47Shard0021.lean	32b06f4ea2709d73c0e87c7e262a7748a3527fca690d62ef1f8ab6f2c19a7fbd
Path2/Path2FiniteN47Shard0022.lean	746f2ff781aafb61fef07298b04696d76177c7a1e5bac414ec2fbd2f02cf1eac
Path2/Path2FiniteN47Shard0023.lean	bd757e318e4857ed07c79fd61b07f3e2d740acd6180ccc944c1cd57e2e8d180b
Path2/Path2FiniteN47Shard0024.lean	271a15a6c0463b9c8b9e31b89533427fd6ab0555f1d118eff904ea0e49ddef02
Path2/Path2FiniteN47Shard0025.lean	bbf048fdd8e0626d5970bd7692f52348ac7c2788b4a9576b8425e87ad9309469
Path2/Path2FiniteN47Shard0026.lean	b65b1d63dc407844e51b9d06e86b316b4f8d8c94e7e09a9dc2f6e79dcac919aa
Path2/Path2FiniteN48Assembly.lean	446d6607c9210982a28870012f3b2b1a3fbcfa91c1f6c102242127ebbecf914d
Path2/Path2FiniteN48Shard0000.lean	4f4dd2582bca3a7f579997a8c169a1ee354551d12dc32910baf1d2309860c63c
Path2/Path2FiniteN48Shard0001.lean	721d3d4d154fca304cf134e13fa45c3ccad344c05792fc05349160826882d968
Path2/Path2FiniteN48Shard0002.lean	995b1753792609581721828d0f3a8365428b041210067f4a40b0b4776a389259
Path2/Path2FiniteN48Shard0003.lean	9bc46981265e1f5ac5ba967a6712af791cc25c623c308332d6538f08b60214d2
Path2/Path2FiniteN48Shard0004.lean	2a7e9cdccbe7441a28c0d9f9bbce01b2ae606ea3214bf0e82bc19670ffbbf2bf
Path2/Path2FiniteN48Shard0005.lean	7a46445cb6d4ab2761529c0a603f078f209b823a7a096e712622fdf7dc2f5c7a
Path2/Path2FiniteN48Shard0006.lean	194a8c70624aec9d5abb7a446ff3e6112488872fe47d0d24e7cd1c394fc4abcd
Path2/Path2FiniteN48Shard0007.lean	c57bd281d9520ae814af347c9de09b4c415a7a55fdeebb956e1b2b35c76a0ac0
Path2/Path2FiniteN48Shard0008.lean	730f4b471f1fec223e624c7fc7ccef420c7e158133c08d6a10b088e21cd4af2d
Path2/Path2FiniteN48Shard0009.lean	b08696026159fa133ba6cd3bcde1dc71ff70b1d601f9198bd16f19bfa10f6657
Path2/Path2FiniteN48Shard0010.lean	8f288705f4969c29f4a44d43a76678d4ece7d51dae3ce6e4eb5d25c69a5c58cb
Path2/Path2FiniteN48Shard0011.lean	ecb96c04faf3d9f7126680e3e6af14c82c2d84094d129782c705ca398ede3d41
Path2/Path2FiniteN48Shard0012.lean	55ce4f6cfc1734f607fea5b5cf6f49196ae7e8df5282cd07953cac3427966ea5
Path2/Path2FiniteN48Shard0013.lean	0fd43ce6ef9410cd0e75a8a53cc9d4af1cea676e7c5fc38f67dc1ec7aae219e0
Path2/Path2FiniteN48Shard0014.lean	cae0e5cee42aeb1f49535b4dccc99e3295cef3ee22cfce822eb72c9dc39c2f29
Path2/Path2FiniteN48Shard0015.lean	2c00d29f0bc7e482a749574dd9cba2c5fa7f36be82280f5d5a1ce71a307ba1cd
Path2/Path2FiniteN48Shard0016.lean	876b192e231c41c967e9f519d8bad402e3d550ce829534821414b3f7856144df
Path2/Path2FiniteN48Shard0017.lean	2968bf6fc80b040ffe2d6b0766db3be9855f56929ecce3970d7bfcb45ca0544c
Path2/Path2FiniteN48Shard0018.lean	160963814d67036086337a2d0c01678cc8f268d6f7dfe4358d5bce19702a6f3f
Path2/Path2FiniteN48Shard0019.lean	3527c6456ce60c77197659df0d0181a115b5475cb6ab664872257702c34094ac
Path2/Path2FiniteN48Shard0020.lean	8952686c0b14e9b4a2604106275be9b4efe0096828b46f4d98af4c1579c32aaf
Path2/Path2FiniteN48Shard0021.lean	55d1a7075530322a6925cdd3aacf982363b034eb8adf325e18400c04688f7b22
Path2/Path2FiniteN48Shard0022.lean	297f65169cb00d5cac3d66aa4ef0e6514b913d8e7e83c92239ffa1de53b956f3
Path2/Path2FiniteN48Shard0023.lean	f5e06c0b59fc71261b71364c17703faf94740553c1fe2bc1b3f740c5ec3ade80
Path2/Path2FiniteN48Shard0024.lean	61d8858667be6b1420032d2aded0696d00faf7f57fcd849545d1d6dc5761cb0f
Path2/Path2FiniteN49Assembly.lean	b282a5dd2bc0b28fff8feb4f428956aaf037b4cfcf510a67c32df66d2728af69
Path2/Path2FiniteN49Shard0000.lean	3a11a60b5da9056e854920d58d2b03b63824d0dc3d090e9a81b8688e52accb8f
Path2/Path2FiniteN49Shard0001.lean	20b7bb8a3c543298f8751f6c81a2cfb6243bc025669ee7e337273fa7fccb6819
Path2/Path2FiniteN49Shard0002.lean	4130c24d144a7ca4abe88a8d4032e57b74796cfca92a249d0a68fd36039782b6
Path2/Path2FiniteN49Shard0003.lean	be3c3475b6eefbfdefb846c5cff90ed27f177ede5214e4a6a0c884a0fbe76cf5
Path2/Path2FiniteN49Shard0004.lean	e04e4e14626d375f43bb8f6be4aff4dacde72a2297754f23a679765332c0c55f
Path2/Path2FiniteN49Shard0005.lean	68e2cc1edd94a31b4b309e4a97983cc5bc8b186e3fd2f218752ec38bb457f6e4
Path2/Path2FiniteN49Shard0006.lean	a45b04650f7d174487f8dff51baa1143aa5573cc999457497e303631d8c6f061
Path2/Path2FiniteN49Shard0007.lean	e4f33fefaaee666d0f6822ea7f75ba08bd8fe8826a8a21520b9e835754c75ccb
Path2/Path2FiniteN49Shard0008.lean	910a0c690e917bd8efcbc88597a0c19f657d358a851823e070811847585a6c70
Path2/Path2FiniteN49Shard0009.lean	e19c99e7aca9d74a2ad7ab4bbec5804c5bf8fdb5ff594468e44e273ecc1293be
Path2/Path2FiniteN49Shard0010.lean	e866e4dd6a010e4e9c5e009273806eb26b44662b0e9d9377adff5d5062d0c926
Path2/Path2FiniteN49Shard0011.lean	1a7cae832ec19a1bacfbefab57ee33211aad04553397c7dbecab59a03b8ae626
Path2/Path2FiniteN49Shard0012.lean	28c0cf52cc767da7ec6d265c5d38b9f3b93ccac4814af8dfa378da102e9e3893
Path2/Path2FiniteN49Shard0013.lean	29ff9fdfac27b7433b14ec59007d2fdd6fddefbcb208a6dd4328a908e9549097
Path2/Path2FiniteN49Shard0014.lean	437349ef126dd5bade2b608e260401a74585d228b3fa7481fed0f20ce94eea8e
Path2/Path2FiniteN49Shard0015.lean	dfc6cbb99e4248dd4c61b2bf913990492cff96cbb0741d44c4f2bd4a4a52f45a
Path2/Path2FiniteN49Shard0016.lean	0b20702ef554c98db9d2973d51cb9e7e9b133e6aa099f090f2cae6df5a19a624
Path2/Path2FiniteN49Shard0017.lean	115609ef10bb2fd28a193bafcc3a32fad09a24daa35bd180475bfe323781b66a
Path2/Path2FiniteN49Shard0018.lean	7dcc7bec24e489b6fe3c1d6aa755f1ee8097aa6858dadf1da39d7b410ebf8892
Path2/Path2FiniteN49Shard0019.lean	e87384953c4de2c20d8c87b40194dd80e4c11c8a0a0fdf3501f03d9a8b46263d
Path2/Path2FiniteN49Shard0020.lean	335c9fd10adae217c894e0544da52e9e874ad1a9fd0d2c94cf5161d15c5a9e3a
Path2/Path2FiniteN49Shard0021.lean	fe79ada0c4ed5adfc7a76129aa61400d714f5280474ae5f1f7a6a6f598e9ab5b
Path2/Path2FiniteN50Assembly.lean	b03e910f01b5a82c1acdcda3dd69686f175361ccef41476a7d21831de1db8702
Path2/Path2FiniteN50Shard0000.lean	0746a66d21fbc943f1b7acf8a69a1ebe87bb201d3c7390ddf089929f4db90cdc
Path2/Path2FiniteN50Shard0001.lean	161d75c4af3802113d0cb05ce0dbf0c259e69ef2d4bbdb61dc56bc06a48cb9fb
Path2/Path2FiniteN50Shard0002.lean	f6048e4c5383bf557f905b91890acbe38eb69fa09786c2222be7f01ac20572a9
Path2/Path2FiniteN50Shard0003.lean	3b66df914f5ffb44bc57eb5519f9ea8fcbce3b47c06b180b3a17326332935474
Path2/Path2FiniteN50Shard0004.lean	c63a7471b2609c144c94de9e6445b3d67371b20db0d7ea3adc1bc503eb0d218b
Path2/Path2FiniteN50Shard0005.lean	09ad9d15907dda26ceac8b7f70cb0aba1d5bf906680869e99a3cde4d5735a404
Path2/Path2FiniteN50Shard0006.lean	a2531f57e4a992f254608f773127549dd4878ac11b05fb94101b3530ed1d0997
Path2/Path2FiniteN50Shard0007.lean	7579e30687ce36413be60bdcd066d37da9eb623df98bcdb875ff1cb8975bb6a1
Path2/Path2FiniteN50Shard0008.lean	b52a83eb424c802525fb5345ba26c438d5bc64e2b9d68a788b63605e7746b58c
Path2/Path2FiniteN50Shard0009.lean	23e90efb85f20015b0cc70a85f20087b20771d6a59c026aa2cd86ab38170b443
Path2/Path2FiniteN50Shard0010.lean	d678ed87c49267e97ae8d0a9d771faa1cd67953bec6f103cd56a741446447dbd
Path2/Path2FiniteN50Shard0011.lean	063402964ff57e06fdd25829c22735ad7d571afbc078ee5efa34485c4791b9ac
Path2/Path2FiniteN50Shard0012.lean	88d67533936568b014fe00498c14468725756664bff26fbc340f0335fc815116
Path2/Path2FiniteN50Shard0013.lean	17a7dcda9ef9df81dbb6d9c4f8e61866544c09f2183527c8799c6417842203ee
Path2/Path2FiniteN50Shard0014.lean	d9c5a840dfcec731f8857f0193341e81ea307c4e5520cee68d8fc95dbbbbddd2
Path2/Path2FiniteN50Shard0015.lean	1495f5d65fd6b70fe433a4716cfc897317e05fa493d86c2dc093151005c9d001
Path2/Path2FiniteN50Shard0016.lean	c14f5cc1651740f0d996c5ff7f426135f669a3a1232fc1da0eb2674835b467b6
Path2/Path2FiniteN50Shard0017.lean	9eacfb0a2d421cab40881b42b9ec30d0a5115e225640ef04205dee1dfcf525b4
Path2/Path2FiniteN50Shard0018.lean	0aabdf2cc8048f6c58e9950af586b591cc080119095bb2c5fed99a8e54946932
Path2/Path2FiniteN50Shard0019.lean	f160d3e0a6b28827b70a830e085472f54f0dcee5014b284b04ff8054cc55e914
Path2/Path2FiniteN50Shard0020.lean	0de740d45c097ca06b456b959e32cd0a549784b515ebada826e9a53544f0257b
Path2/Path2FiniteN50Shard0021.lean	86b5d867e97fa3a8b1ca5f8f78f0e88c43ddfffccdf9a0bfb4a255a327aa1029
Path2/Path2FiniteN51Assembly.lean	1316fbf3207fdb9aa3ed724005ac873efda243c71e31aa7c6f2cfcf06f58db4d
Path2/Path2FiniteN51Shard0000.lean	c9034dc02fab036a359c885b160fe999267cc3196486a3fc3f7cbea63f092ecf
Path2/Path2FiniteN51Shard0001.lean	89800f2112c71ea2989355fa3fbfedbd7790fd0add3b77a7f7895faaf90e6ca0
Path2/Path2FiniteN51Shard0002.lean	2c138d96c86b182fe36307577ad20ba1d33b7633121b8d84586d6e2e7806c704
Path2/Path2FiniteN51Shard0003.lean	5f13c4aed9789322210c51569230aeeeae76887924d187add605e468e21b4da7
Path2/Path2FiniteN51Shard0004.lean	f025aad5d8ae8b2290da8b36c854652936d373304e1bc8b615bbc87f9d959388
Path2/Path2FiniteN51Shard0005.lean	516655c41e1e9c66c6b48b916922c85cab04a82f17a2f6bcbcbab59cd9b1e0aa
Path2/Path2FiniteN51Shard0006.lean	397e13f35d1623874b343ceb5200bbbed2c6385823f67e89678975f6c55e711c
Path2/Path2FiniteN51Shard0007.lean	9cf9bb008cebfa0b79457d6dc9f149741c33bef8bcc92183a0dc358e7f866e81
Path2/Path2FiniteN51Shard0008.lean	585395dbac0254f9298094832d3c239aaf9dbefdb4222b1785310fe2c97b0b6a
Path2/Path2FiniteN51Shard0009.lean	eae28fb80306670158ca40b162025ce3dc75062cac4b7a24850221d6336d4740
Path2/Path2FiniteN51Shard0010.lean	61d2648c9539b5c3d231c9eea5723ba7515f289b3fb9d28d5115098238d1fa82
Path2/Path2FiniteN51Shard0011.lean	f23cbe23ab4bc62f66e7c29015f67a072223f751ac3667a9ba48a7db275cd422
Path2/Path2FiniteN51Shard0012.lean	b36f1fd7db428e65b6fab215e679fba4149035d7bcc7b1f1c33c9736f385763e
Path2/Path2FiniteN51Shard0013.lean	d509786b2c403a234ef92d74ac69342ca590ef30c88b972e0360e8fc6a552a23
Path2/Path2FiniteN51Shard0014.lean	19f8ee3cbff6c39dbc266a6d34ad6316ba5f517be78463bd4f3440a2de2118a8
Path2/Path2FiniteN51Shard0015.lean	297d8fd52db3f50d4aeacc97ddeaff013b32a6bd609bf4bc9476116c48a0b4ce
Path2/Path2FiniteN51Shard0016.lean	d9c22baf068b5e1a98eb5f42c13df8dc2e94e2fdf478e2ac3b8a0c6d000a484e
Path2/Path2FiniteN51Shard0017.lean	5733f912318fb7c9369c5137f4815c23dce7d2ef0841b8bfec3a40b620a44faa
Path2/Path2FiniteN51Shard0018.lean	cedd0bbde6cdf5b91162f45623258ce57878b6b03b425de83f90025101a230ed
Path2/Path2FiniteN51Shard0019.lean	89467688a4fc630e2662fd2d69f33575a118463199fb17ca37312d77ff7b7a31
Path2/Path2FiniteN51Shard0020.lean	03b67b2970c47fb620199d1caf91d5114ccaf61fdc3502755047da7c3a5049ce
Path2/Path2FiniteN51Shard0021.lean	2e157499ec020961ca3e6b3ef302f720322586bcd0a4665da736cc76145b3790
Path2/Path2FiniteN51Shard0022.lean	2d5be64f21940619a4077536b29d875e9dc22c3cda9f24c29bc0f8f8f6375b39
Path2/Path2FiniteN51Shard0023.lean	e2da44af0f21a3a0ea61c855422c3816a0ae4b4c504e6fe52322dd14d272d6e6
Path2/Path2FiniteN51Shard0024.lean	c786613adc18aa4131c5b9ec1e46b710552f43af559704552e1dbc537d0478a4
Path2/Path2FiniteN51Shard0025.lean	0178c8b0e79ad095981a35da6416d4784831ca40d2b04ceaaa86090e40654d4e
Path2/Path2FiniteN52Assembly.lean	82bf3a68bda17c9e050d1ee3970b6f596ce0b1469fa9ac8a6a9c7794d50e6ac3
Path2/Path2FiniteN52Shard0000.lean	a9c892f2a6cd4ece44267cea087ce02be01eb72c8dd6ef99facd1e41eda022ce
Path2/Path2FiniteN52Shard0001.lean	eb4dd0cf055f29032a6ea86c703ff3a1d157831bbfce2669248670185f5c9b01
Path2/Path2FiniteN52Shard0002.lean	453f84791cde426cf4961eb85bae3c6abd9e7540c137c2d71a6a5caa49c0c6c3
Path2/Path2FiniteN52Shard0003.lean	2924e3d8e12ecb06cc3660afcc34f2ce66319466ac4a2c848296c1ad31d61d08
Path2/Path2FiniteN52Shard0004.lean	8579c569a06b1e9a0aab722c46937a42573478883de87ba46c950eb714b1a941
Path2/Path2FiniteN52Shard0005.lean	505fcbff74568a77b73410f1d1a258f047558a7162b6bf4b990f051a77fc2cec
Path2/Path2FiniteN52Shard0006.lean	5b8dd0e3fb14fe67ad7d3f37ca52b5f531b67bff26e7f583b812d578c1a1be3c
Path2/Path2FiniteN52Shard0007.lean	2947e661db0a6cc96f429b3ddab4415db5ea3beb9f1077ee1081b7f3942d2d7e
Path2/Path2FiniteN52Shard0008.lean	b357ecd412b6f535f96e1628f6d6617f1614d039472c62fcca6de27c4b339227
Path2/Path2FiniteN52Shard0009.lean	ac38be4246ec87b2ae6ce176a0ce716c1f57fdf173ec622de79561921a07dc38
Path2/Path2FiniteN52Shard0010.lean	1b44cbddaf465b68baff32c521479fd3e3b7f80373ba7188851b03102ebfefa6
Path2/Path2FiniteN52Shard0011.lean	b06d4b5a67772e3a5ec6bc47f9310ec8218b375365a81ae8ac502e47d7c92f98
Path2/Path2FiniteN52Shard0012.lean	ceb31e1c3b5c09d61372981277b7d6aa5be0ac737d1eaf60fe1e7863c567692b
Path2/Path2FiniteN52Shard0013.lean	f88ba8ca1838f84161c93f45826dd8fb877cb0b1e4f4a00ed3462533d5de2fa9
Path2/Path2FiniteN52Shard0014.lean	c4eec7af519661f72ff1eb62caf260a4422fce0298615523f237b6df8929166e
Path2/Path2FiniteN52Shard0015.lean	b7c8eda146ff183b2c8a381e7003382e6c3beb3068530d18fca721db2aadefa4
Path2/Path2FiniteN52Shard0016.lean	66fdb76857dd12e7752853771ec44e8580a9477ad175cada94efec8cb0db5811
Path2/Path2FiniteN52Shard0017.lean	e3efa2d511641441d68f791e71e11dbe2ef98fb87221fa867d94893c253e4c2f
Path2/Path2FiniteN52Shard0018.lean	314b09661d3d1acf86fc13a7fc8aff50748d4ced3d457012916de106082f8858
Path2/Path2FiniteN52Shard0019.lean	b3f2ec671cb731f9bd45318790cb0bcf4aecfa690fc0b5b6faf45340d8f4cad8
Path2/Path2FiniteN53Assembly.lean	b14e1428c06c156e322220fde82dfc69bd6d0a616e7db6587de541bfa81e98b2
Path2/Path2FiniteN53Shard0000.lean	f54129504ab1e81a4757a236703ed35affcce462383fd90a289ab70269fee271
Path2/Path2FiniteN53Shard0001.lean	66df42559df90cd7fe660801d2afaf598605c13b9bbdfca5ac8e1be944195358
Path2/Path2FiniteN53Shard0002.lean	0ddb34509429a6457351af662fb77e6ad43b25391a9db8b138c2e9486ce98f4f
Path2/Path2FiniteN53Shard0003.lean	0216f37b1e90c0c92f0addd42e5f8b78683f21bbf8dca6d53e215573cd41e6ce
Path2/Path2FiniteN53Shard0004.lean	abf50916dd05200ad4bf94642247bd3a70007b2fbca9b9f2da7aca67ad4f2002
Path2/Path2FiniteN53Shard0005.lean	0760c0e1db265b69a12d8cb67353e1eac6daea6527c7828a2ab4c4874112eab2
Path2/Path2FiniteN53Shard0006.lean	bac424995a5f99c6411ef2d4a23c7f8f1236180519b0ea223c7930bc7cdfc27a
Path2/Path2FiniteN53Shard0007.lean	f003c10410db3cf322cfbfebacf5aa971e3bc0626a1b1e0b2bd3b8d9c8f7927b
Path2/Path2FiniteN53Shard0008.lean	91b0886aeb8028d03dfebab5204669121a0e72f658fb13e067b403c712bc39f2
Path2/Path2FiniteN53Shard0009.lean	8554a981006b628ff982ebf97eb6590a9f52299a38ba2608b3ebfbffa05ac0ca
Path2/Path2FiniteN53Shard0010.lean	92ad188ad5a74388bdc386515ebc00968ce6c6beb15d2acfb0028b1df45eed3c
Path2/Path2FiniteN53Shard0011.lean	fed1dfc6515d2b60bcc1953a9a0b83abdd631189791afbf23c6004b3997b82ac
Path2/Path2FiniteN53Shard0012.lean	a3d4414d666d7b53c2f8705eae311fa0a1bd0076d0a471baef7d762e79291779
Path2/Path2FiniteN53Shard0013.lean	3dea13333d14caf6cb58a6c99e72a2f5a635a16048a922c2af805f8289482116
Path2/Path2FiniteN53Shard0014.lean	4ee27d5bde6c0668b1abc135010b22820cfb76ade53462dff52481fa04569545
Path2/Path2FiniteN53Shard0015.lean	c46723ea9a7c931a916efdb73fe05879f3e7b1841e416439fa0048a2aba2d445
Path2/Path2FiniteN53Shard0016.lean	9aa1c912202899aa759598b26731d3f13457111aeadaa023100c498845e39eb9
Path2/Path2FiniteN53Shard0017.lean	22f82ed7dd1704cc817050c0309142426cc775a9734f445226fb40ef571a2816
Path2/Path2FiniteN53Shard0018.lean	973aa29741740216358f31f3f37f54d68f9d4ebe2c4c79f28005b214241a1368
Path2/Path2FiniteN53Shard0019.lean	fbe7604b2bede29efa3a293c341692246ea407fd472f3def703de7a7a55480a8
Path2/Path2FiniteN53Shard0020.lean	e64c97820ecc0ea308baadbd7f6659c8a2a03c2bd4a7256026a83535492f7bac
Path2/Path2FiniteN53Shard0021.lean	40d12a2ea70ba2095274953c5465bbeda2b8823d9606326d6b76ac777f2e2754
Path2/Path2FiniteN54Assembly.lean	880166cf9b0754a70039dc2343c073bb2c0f6e2c8ac71b88a9b3c082a08b3920
Path2/Path2FiniteN54Shard0000.lean	725be9393320e65431c1290e239fd9c76c17f1ef25df9f51116eddc4dc649be2
Path2/Path2FiniteN54Shard0001.lean	e25c10eda083f68a81b960ad13a30a928f876360e0adbca9c4d250dcd04c9289
Path2/Path2FiniteN54Shard0002.lean	df651c8e3c964666e4691c2a16ad8b5e161f0bc489beab1ad63c47b52c1fe990
Path2/Path2FiniteN54Shard0003.lean	3ecf5206a315984d90c31b250f4d39707445060c57492f35ea87fcd1604b9ed7
Path2/Path2FiniteN54Shard0004.lean	b1ae49cb6740c4114c6dcde1a332811162fa28cf2b059bbba412e4279218a57f
Path2/Path2FiniteN54Shard0005.lean	69f90b29189e880b2be91209c9f60e2b64a23a0a3f7a3c6a74c5e535fc69a282
Path2/Path2FiniteN54Shard0006.lean	d64fb9ee4c6fcf4d6cb139dbb143f15fd878dace5e9ca79c0ea8fa800a64e736
Path2/Path2FiniteN54Shard0007.lean	f7f569987d9af599e2a5c909d48237dd7ca7d5a3ec13ac0b6dbb1212e7934175
Path2/Path2FiniteN54Shard0008.lean	1add099f1c2a6111a7b72a4a5a8ef703fa4f319e68da78da40f7212076c06e6e
Path2/Path2FiniteN54Shard0009.lean	8090d18aad90b47e8e4552e98425d26254ec5bc0c02932d21178e0bf51a314ac
Path2/Path2FiniteN54Shard0010.lean	62c4323420933ca9ee2475e0447412ca8c3010e3c1d852d55c766d07869fa864
Path2/Path2FiniteN54Shard0011.lean	82b570ac5377cfe9917d0cc7c34189069a389c94ed8d7e48485e642bcdeb2042
Path2/Path2FiniteN54Shard0012.lean	1ccb431d7100a93bec3daa5099a0ca766b182c49b261615359767b31dfd20ce1
Path2/Path2FiniteN54Shard0013.lean	fd0f3f4f727f31ff348cc7d6dff58e4dc3b2bc84f57c2e5f51434347d67a8bfb
Path2/Path2FiniteN54Shard0014.lean	354e0bd1d19ef5e022c3cc2ab2f900118e5e228048f455ec636a1a18a1f274bf
Path2/Path2FiniteN54Shard0015.lean	c0c04d4a54e4edcd927e31c413afef8926246b4ccbe1be641ceee7b936570bad
Path2/Path2FiniteN54Shard0016.lean	b3f03fb2394ce35a2fa435116d0315516854df5ea6b0ef2a5385b89d68dcd467
Path2/Path2FiniteN54Shard0017.lean	a13583a739e9453b2375faf567abc210167e092f321e6edb6abe625a49ec3d17
Path2/Path2FiniteN54Shard0018.lean	a680ddf33bcb354475036f12752906f59218b47626cbf346a458e78e58d477c4
Path2/Path2FiniteN54Shard0019.lean	d40ce089cd33c36358e75aed77b39df113a26be7c30bf625d1730fc3404a49ea
Path2/Path2FiniteN54Shard0020.lean	9f054572d48eb283ba4e757e5e74a17932dd91accec7539c24e11baa0d49ba06
Path2/Path2FiniteN54Shard0021.lean	e55ef88890444709342570cf255aae25d167e81d3c751559fcf7b47cb841cdd4
Path2/Path2FiniteN54Shard0022.lean	21af364dd74a9010905b0b9023f3b5384ba41acc2ba1a06a008c1b3043d1ef97
Path2/Path2FiniteN54Shard0023.lean	1e42d7cc2ed2ca8a6295f94e91e17f477a172c4e1be75ecf4239b51dee318194
Path2/Path2FiniteN54Shard0024.lean	a745ad388b6789e8ff8c95ece0a401b05888e53456680ff992249518114485e4
Path2/Path2FiniteN54Shard0025.lean	b25ee640ce15b6ac93953675b8a5f4cb577eaa75ccbe89998c0b3ba6f22c3004
Path2/Path2FiniteN54Shard0026.lean	05b8d680353ca719241d006cb0f1df2c4f5e9f7ea819dd0c0339c65d37433d66
Path2/Path2FiniteN55Assembly.lean	0d1591577c24dc55a8490f688532edb8af9efd79d2b87262c48ab84e446d6267
Path2/Path2FiniteN55Shard0000.lean	db2fd150299f333d627596af3cf5ae4627ea663f4cdedeefa3738005047cf3a9
Path2/Path2FiniteN55Shard0001.lean	922319fd9547af57ab9c866d98f58320d9dd8f8efb2204df16b2a015dc557aed
Path2/Path2FiniteN55Shard0002.lean	ab229f7e6e7a5239c684967dbd9721b1c9c92e49a53eb86cbea59eb254f0e853
Path2/Path2FiniteN55Shard0003.lean	e7ee515e4d8d6f0d039ff8d7481c428ec2f9e50161de24e061cdca2837c8f70b
Path2/Path2FiniteN55Shard0004.lean	aff685b8e73cd5006cd3f2bd0a2cfb2efacafe7924573de97b30be0c14ecf85c
Path2/Path2FiniteN55Shard0005.lean	0af2b51759fc9ebd222c8bb02c1b0d29fbd1c90fcaf7a6d889980ff8e2608728
Path2/Path2FiniteN55Shard0006.lean	7919509ddbac5e7b18fc8d424d23ecea2b72d9ef167e5f788ef44256d4f1facc
Path2/Path2FiniteN55Shard0007.lean	a95ef7e2e2da48440592e6203d9dbede4eacfab213c054e67303d83fe39a248e
Path2/Path2FiniteN55Shard0008.lean	47f2c72b932fbb80e24103e82ed3c1f5f542e9ee70930b5dbfd05607a1a1e754
Path2/Path2FiniteN55Shard0009.lean	14e8f6a3fe5800657270924e53625c21378c098d683f8f2fc559789e4107fc89
Path2/Path2FiniteN55Shard0010.lean	b8b111e1443c83ffeafb21999e3876a1846b343b36ce7af727efd8822974ce44
Path2/Path2FiniteN55Shard0011.lean	ce69f67d9a7dfb1baaf608228fcc17a56023813cf7f1a55be925be84b28e286a
Path2/Path2FiniteN55Shard0012.lean	3540b8d393bd4b838b303c8347ff16a816ac91073366ab9a106d27013299fab1
Path2/Path2FiniteN55Shard0013.lean	d49a8a547b6ee1a0cc5fd8bb89b15e1b9e92b34109993ce1f69cef52a9f3896d
Path2/Path2FiniteN55Shard0014.lean	fe0cc15da44f096f9ee48ad29166acd4e1a27e8acf837a0e3e35aa26f7fcea94
Path2/Path2FiniteN55Shard0015.lean	a5924e24806709fdce8e7e8beb92b03f9c3207b3ce56d060d915142b645dc479
Path2/Path2FiniteN55Shard0016.lean	0e00d05993efc425f69d664471f902049ccd12de809d488680244351e4a59870
Path2/Path2FiniteN55Shard0017.lean	549e49042669473130871727329f3ab687f4d04d48019838921c08b13a1671f2
Path2/Path2FiniteN55Shard0018.lean	5e286841f24666f94146caf087fc24e9a291d27d023eeb2f704ff5bb42b4570e
Path2/Path2FiniteN55Shard0019.lean	364081792b9c6a50343a793f8b90f92a54e53a0bb946ed9c3695627b96620069
Path2/Path2FiniteN55Shard0020.lean	e4b679e5e338c14052b93e1336ca128f3f6cff45a35ecb9a388db1e99937cc54
Path2/Path2FiniteN55Shard0021.lean	5a6073cbb8ee2235a8ca140e945add3ad37d73d80d2fbbc5d8b80381ed6d7c3f
Path2/Path2FiniteN55Shard0022.lean	856ae14714b1107de14d5d8d170fcab9cda0f032354bb3105b71dcd7f3bc8ff3
Path2/Path2FiniteN55Shard0023.lean	82253cfc584e41e9be627196291b78cf504986c10ceb8b4f4f356c17241dda7c
Path2/Path2FiniteN55Shard0024.lean	e44e4ccdfe71b04affaee6155e9ad582275ade2c2dd508e0b4d99293f1d0f5cf
Path2/Path2FiniteN55Shard0025.lean	f8cf6b56218700513a0dc9108bdb6a8a28b66ac7eb7f73f171f4dbbdda62f8c8
Path2/Path2FiniteN55Shard0026.lean	37df586103269b2cfe8a3192d9c7e6339c5928aeaea0b6221e9098973b4889d5
Path2/Path2FiniteN55Shard0027.lean	7f6da9fd2cc6a5ee9508bc080697edcedcea6a677f357c8a440846215bec9e22
Path2/Path2FiniteN56Assembly.lean	1f8e38ddf7794d4f1ffef7de842057481f8a619877e219b71204981a9a441e87
Path2/Path2FiniteN56Shard0000.lean	d441831e0e6e061a00827a7afe1a74855bb67672a4a0b82d38fb7d713afeb389
Path2/Path2FiniteN56Shard0001.lean	d3b989c431f66330227a4cdd7936d1c203fc3c80e62af482139963445ae14497
Path2/Path2FiniteN56Shard0002.lean	4b67f74d7590980263b5d06f6716c3b86ece7948aa614df7d8c248c5b5170be3
Path2/Path2FiniteN56Shard0003.lean	2b980f7c055d05524dfa15b74891969e4053aee8ee4f957746a9933c6fe64211
Path2/Path2FiniteN56Shard0004.lean	e6a935a989117c9a20c42c9c6001e95bfee3ffa7fb313fcabedd43efbaf368b2
Path2/Path2FiniteN56Shard0005.lean	78b4d5d0b0d67cdb4c3fa240fa2707deb3bbf5b356e88a75278816e89b9b81c1
Path2/Path2FiniteN56Shard0006.lean	7bb6812cd9d742f84d347a9908c32930929c0ca18beeb7ee6a362641ff5bc29a
Path2/Path2FiniteN56Shard0007.lean	1adda57e9be6b7d237ab8375d5ae4d8985124797376a9c6c9928c00a1793632d
Path2/Path2FiniteN56Shard0008.lean	b88ed3517f5305ae00477e3c28d6c39aca8712dfd890a89e34abc6dd9cad4e4c
Path2/Path2FiniteN56Shard0009.lean	eaffe0643d150de3a4c133a9c3378522acb8f45010d4368a2c3822b639aafa64
Path2/Path2FiniteN56Shard0010.lean	b477d76cdf824155a0ce5f32504b45ab41f8b015bb6446dcc152f99833dc7089
Path2/Path2FiniteN56Shard0011.lean	a295c4ba5bd67ab40ff19c0d019b8d4b38fe22e6602426b91ad5aed289240453
Path2/Path2FiniteN56Shard0012.lean	18877d12e0860f835297aaea4b0a2f1e06e4cc091af3c5dbb35b82751ed98d6d
Path2/Path2FiniteN56Shard0013.lean	55f04fd45c18431a9e8aa23a91a9791804346aaa313f37889a6c68e9c8852095
Path2/Path2FiniteN56Shard0014.lean	57308a430774a206ea02a71e280cc8d3d625c0a11e43a648cb07391d3d31af67
Path2/Path2FiniteN56Shard0015.lean	f60ae1e00362d777051a8ae96bd0a1b407c8fbe0207cfec8882088892bf260c5
Path2/Path2FiniteN56Shard0016.lean	888ed2ed29b7ffc9d118e1f0037a7930eec38569fa8bc16c68fcdf2c466faf59
Path2/Path2FiniteN56Shard0017.lean	c56ce436d52d96d1be6cc7d5cb2f8cb7c776d81e503ca3fcd18c9ea879e35c53
Path2/Path2FiniteN56Shard0018.lean	e587cb10d561b586b8e9bc9f9354bb5643053f242606358ed31489c7bb42af65
Path2/Path2FiniteN56Shard0019.lean	8810b6da639c81519277c16212ede9489ceef46133d15cdfcef211317258bfae
Path2/Path2FiniteN56Shard0020.lean	16404bb705c00f393864c6cbecd8bfcd23acb165ec57193813ac1223e9d00872
Path2/Path2FiniteN56Shard0021.lean	0de4d29e813872e3295c2c79ff97173cab53332c76bb9c132ae6482273e973c0
Path2/Path2FiniteN56Shard0022.lean	7177ff89a627c0e86da81bb5516a4b5b2885d9ffb0406eb9997a763062c9919c
Path2/Path2FiniteN56Shard0023.lean	86e9085c2a6e38ef99d73edf2827fbf1b64835817db3d1e406712b7cc75c1478
Path2/Path2FiniteN57Assembly.lean	c995d468314bcf3e54429224afc45ca2be5ebdfe2405927c1b7770604069a950
Path2/Path2FiniteN57Shard0000.lean	98b66f04f4b1be86c33e2340664196142c9c840ac1a3ecf500fcb1310936c5ef
Path2/Path2FiniteN57Shard0001.lean	462e6735ec264eba94b7d51cb75eb4501dd2d00f1010851ca215e9da28c98159
Path2/Path2FiniteN57Shard0002.lean	7b270d7b901bb237a032525da3220b52166beaf5c1b79326302c0df3f604a21b
Path2/Path2FiniteN57Shard0003.lean	418809a94a64cec5b5896980b934e9c347627e78036e41ab2f7c1d0296761002
Path2/Path2FiniteN57Shard0004.lean	61bc5270229e7928f91d1145426fdb42636e0ebe86a8e2849018f70978eec7fe
Path2/Path2FiniteN57Shard0005.lean	6b905d77246654f5cd8cdde1d40abdf630fc40cb4d058ed3200df925f298df01
Path2/Path2FiniteN57Shard0006.lean	2f0766899100310287660b541d3186bce718e64e06482621ddbf15514c1e8cc4
Path2/Path2FiniteN57Shard0007.lean	ec32df020cc26de22688e5783a328c6b7d0b0be6ebf2f390b2ce64fef812c5fb
Path2/Path2FiniteN57Shard0008.lean	01035c6697012080905dfa6596ddd388e450c781d594a2ed66a897e3bcb482f8
Path2/Path2FiniteN57Shard0009.lean	4e6e04b1527457cda4f4e4d3df79e2b6e2edb7fe9fa87b7d5e0a0b693777f4db
Path2/Path2FiniteN57Shard0010.lean	8eaf448aa895d6bdee6d034fc9fd3f2a4b4a5a734eea0fa8aeb012019df98ff0
Path2/Path2FiniteN57Shard0011.lean	b921d1771aeeec4a5f50191d0bc1c78d5dbb46cfc45440dd497ed836847903e0
Path2/Path2FiniteN57Shard0012.lean	81a0b0cf10b90eee507f19375b8ace60c5435cdd959f20f90b0dcb91f0d01f02
Path2/Path2FiniteN57Shard0013.lean	48c72a548003d68f245ac5ef9afacc04b5b02b7fe24face7ee6c7f0b6989856f
Path2/Path2FiniteN57Shard0014.lean	9a9a4ed6e730aa47e8a4c07b4e4eebba3af270c5cf14723cc7aa33cb22debd54
Path2/Path2FiniteN57Shard0015.lean	21f16ac27475da7aae1ce910ba5850166d18da06180d57c19d0efa381543aea3
Path2/Path2FiniteN57Shard0016.lean	b955304d3ec13b7a1736f9484efb8dd5c6add0f0afb9e0bd8330e061bf0f0d57
Path2/Path2FiniteN57Shard0017.lean	b6f5e73aa7a7ca6c24f39a6196202eddc9603407eebb223571203e221cee0f2d
Path2/Path2FiniteN57Shard0018.lean	4288925440fd95a0e28dbd1c053a556f0e84afac1e841c180d4a3dc82ddd30cc
Path2/Path2FiniteN57Shard0019.lean	85dbe008d0bb911f504f7518bc757b164991f6ce21b27e9e466e5ca9d404f661
Path2/Path2FiniteN57Shard0020.lean	fcb5e4f7e8a445a2bae1c4582efa920dd22f3a63584c706c24e93f94c5d91639
Path2/Path2FiniteN57Shard0021.lean	5086db3ac0505b87b2f4cf6c44b8f9a9d042e9e41170898527452826218bf75e
Path2/Path2FiniteN57Shard0022.lean	0b9b063369f659627c1ca31a57e68ed9140c0990e17e5bc4a1994757c873d8c2
Path2/Path2FiniteN57Shard0023.lean	8c4ebcd59d24074d0c21400265cfd63e6def254cb87602b1cb92665e27ea3738
Path2/Path2FiniteN57Shard0024.lean	cdbec8812efe6d88358c3cf39325892f6b645f17281539da49b3f737cf9af4b5
Path2/Path2FiniteN58Assembly.lean	23269fadf16059070f9891411872cc6945633f117a1557fb1583fab3765bb7a5
Path2/Path2FiniteN58Shard0000.lean	87d8dcfb8774372209c3f0be0a6a23c9da269d3577c18b66c86fc8b28f4866bf
Path2/Path2FiniteN58Shard0001.lean	fda2f93401c3529d4d1de55cd91ea1226dbf9c0a2ec1b9c7814f21b79fd8ab71
Path2/Path2FiniteN58Shard0002.lean	2030026a8efe47a25456f5eed37d0049db7210c84cb58ebee8f8d4f7f499841d
Path2/Path2FiniteN58Shard0003.lean	ee04fd83ab92f9f9d1654577f9ad03a1dc9c61049dc35c4c587f4746aed5e721
Path2/Path2FiniteN58Shard0004.lean	3aed0540b1f16360a3a2b39cce6954d4952f2dc98465c905e3272dd7d84618d0
Path2/Path2FiniteN58Shard0005.lean	d542761b0180cc2484bf07f25df627486e7cfdf5bef715d8b09dd78e79535aab
Path2/Path2FiniteN58Shard0006.lean	1b8e8644f1301fbe3608c17e777a303dd39ee0f72b2fb050ddb47aa4e86d806c
Path2/Path2FiniteN58Shard0007.lean	6c698d31b9a63b727367644d1546c1a735a756fe1dca2d64ac89f78e77ffa5b6
Path2/Path2FiniteN58Shard0008.lean	fbde0c4fcb147af7432384367dd0eab6722736457e357610e87be0ac1fd635ae
Path2/Path2FiniteN58Shard0009.lean	77e5c7e1c9a0d4127ddb6c6de8d351920b2ab43114fc68894a9f828e8d758c87
Path2/Path2FiniteN58Shard0010.lean	d7df67e15327814fe8fe3ee238f887382db2fe92836e7a4fe14b6fc53ca81f33
Path2/Path2FiniteN58Shard0011.lean	9ec72fbdf70ce176c05fe6e59436240c21fe9c543c30fd556304501859074be3
Path2/Path2FiniteN58Shard0012.lean	17a201ff53f3ca04228a383e2343910860909b3fe50623aab1681af647d2031e
Path2/Path2FiniteN58Shard0013.lean	25097e0f17cc07e60eb33da41e4883a9cf465aac4bfc5f1f733a9d9ae0d77b00
Path2/Path2FiniteN58Shard0014.lean	d3e03660610538d3643580cbba076056035ba3b9db3d1ab47bec80edbdf97e7f
Path2/Path2FiniteN58Shard0015.lean	f549be4112146edfaea69aecad2db41ea69eba843f64aa619c25839349c9b876
Path2/Path2FiniteN58Shard0016.lean	414460d1aad9f0d9227e7a675afc2b5599309bcb7721ebfb28965ac711116a25
Path2/Path2FiniteN58Shard0017.lean	23706952dd3c9d555cff738a156039b1f2f51125635b6406fcb7be843d2c0d34
Path2/Path2FiniteN58Shard0018.lean	cc2567f7c80dceee3313a955b62a008c3708a0a808bd77fcea5a5b9fbb437544
Path2/Path2FiniteN58Shard0019.lean	ffc23e3a90f0eeb7e59dd624bcb3897cf63ff16d02d56c87977787954f37205e
Path2/Path2FiniteN58Shard0020.lean	67b5306f6f4d728053851891b8d4794c12e956ffe56dd2281b8f72adfbc02530
Path2/Path2FiniteN58Shard0021.lean	4fbfb68b6db1df32f402b869b7f855de409489a9aa2453ea0e306d6969ec3cd3
Path2/Path2FiniteN58Shard0022.lean	9e1bfe8d2b939b012cac8fc2f2acd2dfd660272a36258cbb3dd4889aa53da859
Path2/Path2FiniteN58Shard0023.lean	3b05baa804d4617a21d37211061a6b7fa6c176871726c4b3682f77d5b8f658fb
Path2/Path2FiniteN58Shard0024.lean	f2d45b1a2e362474e59f0edeb99fe0414bb1542c4d7e0410cf80e5299804d88a
Path2/Path2FiniteN58Shard0025.lean	5e4852f293b705e999927bff9302ad8d8a9304fcdc7ad5430531ca39ddb5ff0c
Path2/Path2FiniteN58Shard0026.lean	819728f8f90e5349e4092669f59f28b09d52fb9f0b8991add642c38efcda0ba3
Path2/Path2FiniteN58Shard0027.lean	f59f70ca896c457a35434c08f9926ef6bbaea2062dc2ff5fd6628f4578288874
Path2/Path2FiniteN59Assembly.lean	7c79d6248af2959c11a9f95c62e347b13ee228bffff27ac3ee842595ced0e378
Path2/Path2FiniteN59Shard0000.lean	6e715db8a448728e56c674505626eb95c3562a8cae455065bed983e6be40266f
Path2/Path2FiniteN59Shard0001.lean	c465ce5f9d1781d5b24ed0ede4914a98f70a474af2628ce375b211704176c2fe
Path2/Path2FiniteN59Shard0002.lean	b93c3503e23970333020af13781514020fc6417c510c0b0fadab31e4fd714ae6
Path2/Path2FiniteN59Shard0003.lean	c410abfa6e7fcfddeba783936ec2992a6516f7488de3f746ff97e901f9d7a134
Path2/Path2FiniteN59Shard0004.lean	6055026ef20bd3f3442b396828f9990dcabda2a47b26c520bf2718082d3fb273
Path2/Path2FiniteN59Shard0005.lean	285f1a27b76740b925f75c2faa03d38fff1399fbe418030c8ffc379887a7500a
Path2/Path2FiniteN59Shard0006.lean	b7594921b1196c8ae7515d9ec3b92464c0654fa485ce47eec2b50b9627ae8353
Path2/Path2FiniteN59Shard0007.lean	5d5e8f7310bc8b1277ee3e469460180978c78a5f2dcaebdada7b1a4afd673a8f
Path2/Path2FiniteN59Shard0008.lean	479cbd06e7b1526f25a1034119d1346d728d3d1596536fc140000b524c284866
Path2/Path2FiniteN59Shard0009.lean	425a62738772a81367b9003795d7e92c80ae0ee0c5dcbe1ff0ed74e30b20b82a
Path2/Path2FiniteN59Shard0010.lean	6a911f3c715d66a965884361469bcd8d53fd60c0acc304a526fe4ed5b9e891de
Path2/Path2FiniteN59Shard0011.lean	5b0749602def318ac5064630786b21ff3bc85b10656252949a6902335f4b125e
Path2/Path2FiniteN59Shard0012.lean	93752603d53612d101dedea11a7c292b6f13229d234377bd8ef7a73dd8de3a3e
Path2/Path2FiniteN59Shard0013.lean	f016834be0ba159e699f29cee80e6642509785062d6f4599c9da99b9660f655e
Path2/Path2FiniteN59Shard0014.lean	a5905d61e89ac4277c4ae4f246792ca18fd54fad027f707c0b507370241a9395
Path2/Path2FiniteN59Shard0015.lean	8931e7033c615bd48d38f938e158e55593cad022fcf1770740fb5a015fd5d2cf
Path2/Path2FiniteN59Shard0016.lean	1a83b1100abbcb9c742859514796abc8a874ab2ccf770ad76fd3116d30469a05
Path2/Path2FiniteN59Shard0017.lean	ffc5adfa3af39000314068b8c48423c5a8fa889233a385186fe6b17219c641fe
Path2/Path2FiniteN59Shard0018.lean	19a69084d3d7a43494b861ee8133bcba7b8fef051824ca362a92be1bbf6dea8b
Path2/Path2FiniteN59Shard0019.lean	91a7d84cd850907de908596624324dc339ca29899c2eb2bd30d962ec1ac7b1d7
Path2/Path2FiniteN59Shard0020.lean	5fe98de544b0e7d4cc4eca1ebcd43521ce9f5f525a4ce7968754ab37cacec8d6
Path2/Path2FiniteN59Shard0021.lean	2fac54e7578ff33c6b2859bc6ac4d99e86cef36b28d5b1eb8f33a8688f7c945f
Path2/Path2FiniteN59Shard0022.lean	cf027562f7d0bc108f0c74bee9148955b5ebf94c8fd5dc95d567cabf99698eb0
Path2/Path2FiniteN59Shard0023.lean	9c780eae8b06e6603a5192bed49a1818a75e10e8617dab8b27444e98b04bfebc
Path2/Path2FiniteN59Shard0024.lean	ab1e4314ed63cbd4dcfcd8908613d42a472baf5980caa6600d3e21dfa94f1ed8
Path2/Path2FiniteN59Shard0025.lean	493be177793d00e164007fc8d5587facd928172db5c0228ee293f06e14c178e8
Path2/Path2FiniteN59Shard0026.lean	93572ba6a470aee0476d04f4251adf95e871955d49afb0614cb7b0a93f28b21d
Path2/Path2FiniteN59Shard0027.lean	890eecfd44439804b097a384603597162cd34e663c6b5a364d69c1314c72c3df
Path2/Path2FiniteN60Assembly.lean	e413a0cd105416df0b4f24890f500f0502e2aa393869e1454f0f9211d693e976
Path2/Path2FiniteN60Shard0000.lean	71dd2046e63bddb448f0fefda211e4b6c9cde92d8602379df4abcf5278610a31
Path2/Path2FiniteN60Shard0001.lean	e14832e67d8120f3470ce29aea32134e872798e12009a50f8f7c482515fe5fbe
Path2/Path2FiniteN60Shard0002.lean	1bb00f8d48492254b8a7ac8e63d11e922f89ef2756e3ca4a56f1b14968888e5c
Path2/Path2FiniteN60Shard0003.lean	785a3633d79a08d78ccbcb99b6632a94762a2cec3798f47997068cec9aa43e43
Path2/Path2FiniteN60Shard0004.lean	3bf9c45ad861e0640ab56818af79b0220ec65070f1df8d4681501f07698e4a75
Path2/Path2FiniteN60Shard0005.lean	ab183d8255d384c7bd18f391883f8fc786030fe9aadac45dca8bdfa754314162
Path2/Path2FiniteN60Shard0006.lean	b72f389d3a6e3d83fbe836851bda7c444125c0dc9960e26ede9386240aee112f
Path2/Path2FiniteN60Shard0007.lean	bf92a42c15589efc82d74b5a4f4f7cd59f66654cf5562c3669b06fc6b35b2e6e
Path2/Path2FiniteN60Shard0008.lean	70f11fadff43524f6f69b0d7f9cf2b4ed4a52c49984f4c41c00221d38fd07e41
Path2/Path2FiniteN60Shard0009.lean	c5ded25d9cdf0abd50285104524e50bafdbab24e3f9a685566d84b92a7a8db9a
Path2/Path2FiniteN60Shard0010.lean	75163adb96a7617cfbb34d7d0097d78c57196bc1e132e25fb7538a4199ab6985
Path2/Path2FiniteN60Shard0011.lean	a5d1157a65118db31ce43a5e420db67baf5330042ce480e4acb0186a4a85a17a
Path2/Path2FiniteN60Shard0012.lean	2d3385b97ceb620b2080c444fc07aeb25364577f6bf647914b3b93e5262665bd
Path2/Path2FiniteN60Shard0013.lean	4404f2ff9f6e4732567889f00a551577b8db3d0b2a80a8cfbdd77b8c39626dfb
Path2/Path2FiniteN60Shard0014.lean	88a7babab82afaaf1bc57e3122d1d7ee4be2d181435293bc88f3f8623fdff7b3
Path2/Path2FiniteN60Shard0015.lean	cd948fbf14780b59abc86b7534713d5314933950f983a5760881ca9651f73597
Path2/Path2FiniteN60Shard0016.lean	6f7d55f0d7a9336a2e90c76bab3f5dc8452034c63bb2bfbce78a8749212a51e3
Path2/Path2FiniteN60Shard0017.lean	7a0b2c2750bc9c533331819bae098ede0fb6b386602f120337f0e4924ca3b284
Path2/Path2FiniteN60Shard0018.lean	8c5a909b877eef286465d984bc78bf0c58e330998b23a93b69239bfcd86b98e4
Path2/Path2FiniteN60Shard0019.lean	35121373eb8fb70e203d4679a793e5a36d92e07699d5e6e39ae548c32d2a3648
Path2/Path2FiniteN60Shard0020.lean	23ea77a157ac12c9594659eb56d9a1082c150261d898559a6ed14ebdfe72b88f
Path2/Path2FiniteN60Shard0021.lean	475fa117e710c0910f94f7773a34958a8ca71fd34cda1bb5709e9bc9d1da2057
Path2/Path2FiniteN60Shard0022.lean	c127d86919f8a3d87b6a61065c4379f0de2b74aa4ec9e39ee6e0a8b41be64e83
Path2/Path2FiniteN60Shard0023.lean	d24d6d58213e30bb72a523e051ed1aa77f4f9aa5c8f4e20f32e994fec3f0feee
Path2/Path2FiniteN60Shard0024.lean	c8f18f5473a227d4fafde2524deed939230f950d16f938e078e5d8957fb6b36f
Path2/Path2FiniteN61Assembly.lean	1e3ffed9cda564b53fdc8e3ab6c052c611e6ad14d18642f4eb7d6c04087cd90e
Path2/Path2FiniteN61Shard0000.lean	d447cbe9076770239845f0e4e66d9c55497e519ed3503f387b622e6225d3d637
Path2/Path2FiniteN61Shard0001.lean	45b41479d14217cc700b44420c39830c27f16f2405ee1d6f76eaafd411ce58e2
Path2/Path2FiniteN61Shard0002.lean	4064eca316b6c2941f84323f353a273b921b4f4725d1d2cd8658513fc879e230
Path2/Path2FiniteN61Shard0003.lean	5544bd3271a0fa3462c1d5fb939bee4c11753dcc59b61545d37458901471a57c
Path2/Path2FiniteN61Shard0004.lean	145a35db0aae95c12733803afe50eccbc81ac2306560dace6ecfc54eca0d6486
Path2/Path2FiniteN61Shard0005.lean	beccdf77ba818b8331ca758ca8fb59ea08b882c26ccee8e2e5475f3ce5596687
Path2/Path2FiniteN61Shard0006.lean	d8796b817cf0501cc5f22f726b4311dde79f93404cc8418edda1a93f48cc2746
Path2/Path2FiniteN61Shard0007.lean	d31d0070659c4d4234f10f86a758579a8480f901cf590ee49db05e1786124b72
Path2/Path2FiniteN61Shard0008.lean	64240c5311508a743d8b90cd91a8c3f89094552cbb1c3e7082a9bf0fd1c4a059
Path2/Path2FiniteN61Shard0009.lean	d85488f6b048823d4ef22e5cc3ba75e25a56149ec2ddc7c92bc9e352751cc5e8
Path2/Path2FiniteN61Shard0010.lean	07f5b8526998da0bc2a0cab9f7fbf909a2861192968c6a61f93692818ae3c69e
Path2/Path2FiniteN61Shard0011.lean	58a93dcb8b592d707301844022cd9f5a4661944bf7e0582e3da8aa1328f93e14
Path2/Path2FiniteN61Shard0012.lean	8a8b8a694e63dd77890af5ac85db83cdb7c158e2fc6b850eade82c77ba493051
Path2/Path2FiniteN61Shard0013.lean	2cc0c3c9247d88375ba1ecf8bda097cf143a45934dda70a0b02cb8cf5e804cbe
Path2/Path2FiniteN61Shard0014.lean	ae806e80ebb9555aa14ec3d202168029536df7c2483fea3dffc61ad8bdffbb9b
Path2/Path2FiniteN61Shard0015.lean	5a4f3040f4c5c9e4a228e935582b3378a2f36dacefdd67fef0bbafc8fa91f333
Path2/Path2FiniteN61Shard0016.lean	3c2c316e39b6614de9bbbd8d814c7bc212359651679ab08464845d3266b58dcf
Path2/Path2FiniteN61Shard0017.lean	a997e52a77aa56ad311f2c136894476e313cfafb5a06e413c4f7fb3f9e91b9df
Path2/Path2FiniteN61Shard0018.lean	5a986cba9b5e6f35091e0be8d81a2a00d5ba7b4f02532e99ba73f186b9dd39e5
Path2/Path2FiniteN61Shard0019.lean	95806e2d4f13e4902c63a6e5e9fab13b7ae0e2d7564ce2d8ca3c9c395df504c2
Path2/Path2FiniteN61Shard0020.lean	28264fa66f2ec21a1d65b6b041b1d5639321e7dff60c3466b003f14f4ac4d83e
Path2/Path2FiniteN61Shard0021.lean	245bf54946c3e75f3169ec6610448b17c5778f8511fecd121753e0c426a72943
Path2/Path2FiniteN61Shard0022.lean	947c3a1e5a0ae7cd5d5b9514f8dc39b8c3d9cf7f5c677147059e7fd431bf5750
Path2/Path2FiniteN61Shard0023.lean	8b34291997bead2d106d995ea689647ec3f0f0ca2f52a6c9cb7d1ae569204d54
Path2/Path2FiniteN61Shard0024.lean	96c3b0847d92d08261d826197520314b55450e8fdedb377e1e09f9388efc822d
Path2/Path2FiniteN61Shard0025.lean	2280fdf8e892313923f050d3d015d6f35720572f3420810b27719fb97e51d5cd
Path2/Path2FiniteN61Shard0026.lean	a1f716c252cc937780791fcebef53c1b50fec742bc17d735040d7f15b817dca9
Path2/Path2FiniteN61Shard0027.lean	1908c87eb0ce43dc2fd836594db5a0213f11a60b3483c8e84a4c5e2640ba9545
Path2/Path2FiniteN61Shard0028.lean	b08cd75d3538f6c1106a5d4aaa0477259b7d53a0b8c0fe2ce66e5179cccbdcef
Path2/Path2FiniteN61Shard0029.lean	4bc59b1297f883fc11b0f6953d8b253ddb0dd1bae651c8f0b57609ec155f099a
Path2/Path2FiniteN61Shard0030.lean	bb8c3d5e5173bd7920cbb22b20884e9b266a094148033426781547b2795ae7f5
Path2/Path2FiniteN62Assembly.lean	e5e5bdfe32f50d1bb0979653dbb1f51198941eac1738ed9e237865a78c6def4a
Path2/Path2FiniteN62Shard0000.lean	534a2e9376f3aa264f96d454a9a21b470de6e442895349da2839be04b5aa514d
Path2/Path2FiniteN62Shard0001.lean	205074935343e602a70570fb60371a4d8e5567baf055fb28b96ef5d673b896bb
Path2/Path2FiniteN62Shard0002.lean	3816b0b7b62638197116fe43c159c94fa244da47cf883e13463746a396752eb0
Path2/Path2FiniteN62Shard0003.lean	a03d1d875c0794451168fbde1c1cac69208c07da45f811d216a19d2d5e837989
Path2/Path2FiniteN62Shard0004.lean	631c65e5062c63ce60fe14d6b9b76ef3a2fbc8c78afd88d978df2847ad4434d8
Path2/Path2FiniteN62Shard0005.lean	95ee5c16e4bf32929877b6dac1666b07a38b29fb128575d446ca19b72d0c7087
Path2/Path2FiniteN62Shard0006.lean	0fbe6da8f92e97593d110dd19cd5b5c8952fc151a91473872dca85066b35ff93
Path2/Path2FiniteN62Shard0007.lean	2ee1fb0f62998979b106d374a19f8eddd0d6ef41f5578c3c36c5b43dbb59d780
Path2/Path2FiniteN62Shard0008.lean	e9751c9f90412615b21cf98715d9e05e8d49d7712bc9b4eba43840a02953dd8d
Path2/Path2FiniteN62Shard0009.lean	7c738773862ff2767ec188c862c154cf720ab44f7f792eeed4322b7c5b0de882
Path2/Path2FiniteN62Shard0010.lean	cbe5d719fc612a7f26426e91a4b47a6233cd0b44a55458c7a6c2ab6775aef934
Path2/Path2FiniteN62Shard0011.lean	5fc5f1edbdb56d9337c3456d92c315b8427f57176b2fce601596263ca98a2e1f
Path2/Path2FiniteN62Shard0012.lean	9f03cb25f315e7f40902e3627d4e082d7769a2493b660071e1e59edf771bdd8e
Path2/Path2FiniteN62Shard0013.lean	48e03de3287736a5bac0a539f58ba4a52a1d60283a42915115d155707ae460c3
Path2/Path2FiniteN62Shard0014.lean	b195a0a6ea64e02b80a879dbde8fb3fb12797dba8afe0ea1133c86f6a8546eb4
Path2/Path2FiniteN62Shard0015.lean	8748c63b3016e3dc335ba395d4e3b2fee9beb21a18dafba75e8d801d47dc2119
Path2/Path2FiniteN62Shard0016.lean	02baa9d5533bfbf74f7c47c1f508ed4dc51b3f7525c3f0f009015949f47f1ca9
Path2/Path2FiniteN62Shard0017.lean	4069f81908b5fe7c6e51115b52683b73ab1fb700564eadc0b867b53c41a1c9ae
Path2/Path2FiniteN62Shard0018.lean	88d030d2ed3d5efd2b1956ca492ff66185bbd6414d43d78714620f7559904065
Path2/Path2FiniteN62Shard0019.lean	c8eed70cd53821011f27ce07601082134be5e732291ae9627ae4ccfa49cc9fb3
Path2/Path2FiniteN62Shard0020.lean	9a16fc5dd6967e7c272c4a6a2dbfe2e9103d99b220fcf29fd8f178b36a94d62b
Path2/Path2FiniteN62Shard0021.lean	e5a4b7cabe594475d2201f40051ed67f0778770de81e6bc0d0797cdc55c22b1c
Path2/Path2FiniteN62Shard0022.lean	ff8e1814b9fb8558df96971cbfaaa8db3aa8815b6ab17ea73c1b81fd17a444b0
Path2/Path2FiniteN62Shard0023.lean	f1439ae5c17047b5ed388dbd7b60ab60225a39a95890c6ad48d9bfe05b67c3db
Path2/Path2FiniteN62Shard0024.lean	387ded11c0ea9aff2b1b989207764f499332a2682c20130089e39bd6155e641f
Path2/Path2FiniteN63Assembly.lean	41e03881ddafa81401d25207666478208c4c41628901fadec08046b8dabe29b7
Path2/Path2FiniteN63Shard0000.lean	9f8d7657ea0c7c420c7d656ca4fc1cb578fe9673c7c4ed1c08e42eeb83cd26c4
Path2/Path2FiniteN63Shard0001.lean	7649bbabc1fa37a3f1ab8dbe036663f69f0fd1461d988d1dd6ea335c528a45cd
Path2/Path2FiniteN63Shard0002.lean	78b48d036288c2ab16bc61fdc778a9e0d1f73f5c4e44294b3e6e6b85989182cd
Path2/Path2FiniteN63Shard0003.lean	75be88f1c50aff71505b9c79fd3bbde6e449e6501f80a8aef3bdd70ae31ce538
Path2/Path2FiniteN63Shard0004.lean	225adf41d3b600ebe4d7504a77765f7458f605cbd117fbaa320cdcedf0520619
Path2/Path2FiniteN63Shard0005.lean	8bbfae3c52ffbeccfc9a2f66226d2467e03ccfaa4701e4767445125d76ae739e
Path2/Path2FiniteN63Shard0006.lean	5c6b56782d5c2682e9352200e614544c1e350fc2ff748302490b5176090a65b9
Path2/Path2FiniteN63Shard0007.lean	16d6ba520ada5a1da3791d18533be17b6dc12b73c78aa62a4395a9fe987bc474
Path2/Path2FiniteN63Shard0008.lean	2d81d06370e45e058e5c9a867fea3b53e649b5a86ff270a779cd52996ee375da
Path2/Path2FiniteN63Shard0009.lean	c02d0cd66ce4678973d6563644400435927eef3d909f7658f5c559625ffe2269
Path2/Path2FiniteN63Shard0010.lean	cc9a13f6128df48631fdd978ee55d36139ee8fb6a920e881c565e9e43948419c
Path2/Path2FiniteN63Shard0011.lean	5e79280a4f2f651f7fd9ee0eb86cebb07af3d52a440f0cd5f7fa22322feeab45
Path2/Path2FiniteN63Shard0012.lean	223884050f5363cba3bad45def5bdbe3da4fce730bfa8752bd0b80436c3c57cb
Path2/Path2FiniteN63Shard0013.lean	03788f86f48f43047254f8862e5463e836dddf223c8613c0d16cc8a21b611636
Path2/Path2FiniteN63Shard0014.lean	d04b5198d415ca814f77998425570221afa355607d826bb6a062694142924954
Path2/Path2FiniteN63Shard0015.lean	567bad8b266d911aff2c2d23442648d3eb5efadd6dad857946b50628df149e7c
Path2/Path2FiniteN63Shard0016.lean	1764586c4c0b745c8d7caffddb7692c97c9c0bce0ea72a3b9aac2454586716f1
Path2/Path2FiniteN63Shard0017.lean	65a48966c94df9ef1919b4a49ac43e562c23584a3e8392267271ddbd197985dc
Path2/Path2FiniteN63Shard0018.lean	980c75bf66773afa81773e227f5f06624d7bc363002a4576b672e9835ae37b9e
Path2/Path2FiniteN63Shard0019.lean	cd5e00c2d9c55437d031ae652b6feeb93789c3dd7a9af4ec1bf7768388edd962
Path2/Path2FiniteN63Shard0020.lean	97eea80b5b74dc19aae5ff3cae63beddbe74a3965e00dcb9b3f4164f2c01ccec
Path2/Path2FiniteN63Shard0021.lean	43389bcb59cca3817efe0d38d37cdedcfba1b4a4d0ad71f891fc9c8c891a5088
Path2/Path2FiniteN63Shard0022.lean	64b64e960ff3cc0212e196f80df420760ad36b781d3a35fbe519a5ca161a45de
Path2/Path2FiniteN63Shard0023.lean	b94b40dca39e6085d206a55258d3ae9553e07d43dd41508fad32f0bf1b3ef0c9
Path2/Path2FiniteN63Shard0024.lean	931e0c27e42ea1f2bff2c23d6c8549759886ba3a46171434c73979d50b0d565c
Path2/Path2FiniteN63Shard0025.lean	225b9326b668dd930f7438877894675e8301351307799ec3d6e3dcf6f2a2fe9a
Path2/Path2FiniteN63Shard0026.lean	7def2e22bd3c5a6fec842e5fee27fcf820410aeec0831f007c2da09b45f37d57
Path2/Path2FiniteN64Assembly.lean	17736e2b6e4148d34a9c8dd58020ad151e69066b8dcf4f3bd015b21326ecf2e3
Path2/Path2FiniteN64Shard0000.lean	203ad249dae5c0e89a10696dfa6cc94b45b605a1a9de2ca324e1c5cddd6ff3cf
Path2/Path2FiniteN64Shard0001.lean	a3de38dd7a6cf3330d14f4a21497d33b74d1370eb4775f155b3ab19f2c792808
Path2/Path2FiniteN64Shard0002.lean	02640564aeee546a37094e65457a83d57cab8635f3b2ba58d114528cc80c8da4
Path2/Path2FiniteN64Shard0003.lean	a4a4ab63c225ed9b772afd33065ab5a727324eb95f217db6f4fb0851d3b3068e
Path2/Path2FiniteN64Shard0004.lean	697cebefa1a7a2995febac636f7a7152662fdc787c8489fb8b42a1fcd4f4186d
Path2/Path2FiniteN64Shard0005.lean	bb1fc93472f6d82cc48085e90e15bfcc09c4e469aa7a85b68a9090720142a1b7
Path2/Path2FiniteN64Shard0006.lean	87708383b6f3d386257c02ffcd9d3fa17bb5b56025ef4ed3c70fa236c8bdf023
Path2/Path2FiniteN64Shard0007.lean	6b54987139eabea55cf1b92a8aac9e799c400390d674805372ebdd7afe28e988
Path2/Path2FiniteN64Shard0008.lean	d1b539964dbe829188a0d3d3330da8be17acc626918f5be7c41723cad4e36695
Path2/Path2FiniteN64Shard0009.lean	fd9c1baed292959a42e790fb95ed3e4ab1039c30a8777a37dc2c6a6d535b0191
Path2/Path2FiniteN64Shard0010.lean	2b69e5fe9dff41b474cfaafbab2aeb0f49a5c77621f345d3988b0af171efbc8d
Path2/Path2FiniteN64Shard0011.lean	70882201cf136123ec72e6764ca36f6a4b7e5eadbbae6b800a65923b9c8fe571
Path2/Path2FiniteN64Shard0012.lean	1714c2ad7ed19756b3c7f451f2f83402df1f6cb79fbb373df4889cf780dad253
Path2/Path2FiniteN64Shard0013.lean	d03ddd417b5d8c1a8cf51644e1dc7775e1e21439d6c3b830034593e1d5849d3c
Path2/Path2FiniteN64Shard0014.lean	fd9d9cea44c511042e1fdbfa0e5c4d9bb64500939b696c28687dc49ccc99646e
Path2/Path2FiniteN64Shard0015.lean	4c8936cff118ebaa190ef0bf838c4fb60e2ff93ab03d189cc49bd01b33f99bb2
Path2/Path2FiniteN64Shard0016.lean	11b26304064ef9cd815e41cc30db4bea3a9bee40100b477f8bb2945857895f7a
Path2/Path2FiniteN64Shard0017.lean	e0fc1d76aa809f2a9b103b419c013ec3c86f7b7a32c9b26c80a6071ebf7c03db
Path2/Path2FiniteN64Shard0018.lean	aa2367e5b0544263ab64752ae18242ba764026f79774f5ba592ee4b6034bcd51
Path2/Path2FiniteN64Shard0019.lean	65eceb139859dd56d1ed32823503d5187074bf15d6f977674377454ce323cb4b
Path2/Path2FiniteN64Shard0020.lean	d6f95a56ca74e04539eb9f8476c2a0c4b99e9a4563ff08ee5a42d3993b2a7851
Path2/Path2FiniteN64Shard0021.lean	def095c329d48ff296455146e3c95d0fe91e8aadfaaea9fce6cbd999da0e179d
Path2/Path2FiniteN64Shard0022.lean	2651826b40ff206508c1a4ba8f0563438e22ab0b9b4e1e4779998a3db9077e75
Path2/Path2FiniteN64Shard0023.lean	1f51fdd36f997bc39ab3e904966af979b950e98e2e012c78c5d0b894a0cbd69e
Path2/Path2FiniteN64Shard0024.lean	bbe739edbc07941f8582caad9064d20fdaa73ddae5497eaac451da540477bc27
Path2/Path2FiniteN64Shard0025.lean	f95c0aebd56df6b8d75e0d34a3f57fc2670a12b0eb09775abeb2a8b723595f9a
Path2/Path2FiniteN64Shard0026.lean	25bf18d76d4ca437c7b931c734db318380ea900cbf48a99fef4636c60b576aae
Path2/Path2FiniteN64Shard0027.lean	5dbd00d39e2a28c4ac67d0796ff08cdcd367816f801a8fa8ff6f1da36191d8fa
Path2/Path2FiniteN65Assembly.lean	7ecaf15c4e33ed9622dc0a9ee762241b174c29840d000b74ddf379cbdc11c0f9
Path2/Path2FiniteN65Shard0000.lean	cebd9aeba8db1e5a485013378c0e59fc668e1ed9ead221248352a4ab4ab04597
Path2/Path2FiniteN65Shard0001.lean	a3f1ee5668962675ad73c9b3f80f03d749595d4d9f1aa212b0d1fb7b5c89be79
Path2/Path2FiniteN65Shard0002.lean	ad4b26fbf2c84b7443232bff55a52fdcaa466742ee716b20d64837efe8907066
Path2/Path2FiniteN65Shard0003.lean	b629f0d28265e6fe547e4712936da28a81d863485e3d43c24124dcc1ed0e0756
Path2/Path2FiniteN65Shard0004.lean	454afdc57034eac47824c4ea110135a8464166f25d99b1da31ae741c3fde95fa
Path2/Path2FiniteN65Shard0005.lean	d49dbf92a35e5e7e384cd3155939d93bf19b35ba6109cffc93f19a933d92dc8c
Path2/Path2FiniteN65Shard0006.lean	988fa7140360ad6cda4bcfdad5723988725b513a6df12a3e20d3af6e9e4f5f9a
Path2/Path2FiniteN65Shard0007.lean	14e78c3c4a8f07d0b6a6ff2e78333c0c8ac02096871657e39f8661a7aa6f5c6c
Path2/Path2FiniteN65Shard0008.lean	3488747a846bb64f1e7825247155d325f10934acaf75d49673bae766d4c16357
Path2/Path2FiniteN65Shard0009.lean	5715518e7fedee70552b05886ed9f1108e7f594e26cba93366ad34f0b5cd27ad
Path2/Path2FiniteN65Shard0010.lean	bfd1a7a86dd958b03a84637b594d1f3de1a97c74765c069e9b3be0fbe69cc538
Path2/Path2FiniteN65Shard0011.lean	4901b422fe9006eceb9f2d7f33780c403dbe60b9d9ce0aac06b433b0a8c3750e
Path2/Path2FiniteN65Shard0012.lean	c6782074c89c14c201bbda7ce778c473350815e0b29f20896cb7235c476c249c
Path2/Path2FiniteN65Shard0013.lean	5d4243bbbeae7e23e97b47d03bba3d2f46693a183cd4b4a9656260c7b6470f2c
Path2/Path2FiniteN65Shard0014.lean	999f0d01420a7d92f83799ee0c20ad88d44be13cd64592b90c9a723fc23d3132
Path2/Path2FiniteN65Shard0015.lean	27e5d69b213166ae8ce80e18f0791331a7713c6c1d6365194a50019e2e50672b
Path2/Path2FiniteN65Shard0016.lean	11c388a09fd303ebb92293ebaf4f786323df76e6c7ff8a23665aa1dac7eb66fe
Path2/Path2FiniteN65Shard0017.lean	9260b53713d8974311e21998eb09a9d8986865bbc25b3373c2d3a4473e326d50
Path2/Path2FiniteN65Shard0018.lean	638d2e7c281a1adde2b19030f8a735c5ef74597d3e104b9f2d8ed5e2ae0ee765
Path2/Path2FiniteN65Shard0019.lean	7b12dbbf3542779f707caea2dfc2a278fcec4a87121d6315a69458b85969270c
Path2/Path2FiniteN65Shard0020.lean	9fd8ce2d46f8826b3b502dd17c8cc7aa66ea84271daa5fbd4b985d4010126145
Path2/Path2FiniteN65Shard0021.lean	b742e869d1892b9716999f7b9fa14cf2574bc933b2e396a28201ce942097fc8e
Path2/Path2FiniteN65Shard0022.lean	836caa7f86aeb87b8518bdee8a8f875858b3ef861c60dc84b30796ba70a6827b
Path2/Path2FiniteN65Shard0023.lean	8ac9b8210a2f6b473f5957b4365ed3703a2bfef5dbaf17732441c9b482819107
Path2/Path2FiniteN65Shard0024.lean	463d3ca9e8945b085c79ea2abd1f0ce034c23b7eb13c47836a9953fd77a37f73
Path2/Path2FiniteN65Shard0025.lean	838ab9fbadd6d50840ebc980f0b89aceb06c7e25f55d5ca764de4b11db0d4809
Path2/Path2FiniteN65Shard0026.lean	cfdd9359857b5045fad4396534f5584a3ebc44ea63afdda5d40bb20ec96ea0eb
Path2/Path2FiniteN65Shard0027.lean	d27778ab1d1b472193e9778c510218b9bc2fd66c9a7c5dd2c71538887b1b0494
Path2/Path2FiniteN65Shard0028.lean	be01d1515b914972e2f8f62d9dfacf5f092f1d434ff3a3eba308aac84e5232ca
Path2/Path2FiniteN66Assembly.lean	dcbf62f9cbe9b0b12d9805931593f455f9d384234e3e1419501f6aee47895918
Path2/Path2FiniteN66Shard0000.lean	f588e3cfeae9ac9f8ba36b714b50fb242252462082561aa9cc947f0b5fa1a211
Path2/Path2FiniteN66Shard0001.lean	1a3890ab8e8e69057313b349269a3dbcf5686d1a8f9d896b0dc70d4aa3244178
Path2/Path2FiniteN66Shard0002.lean	57da95219e6c9ab1c5895e20b66a653a7ad6d55b0bf3472021395dc91f8989ca
Path2/Path2FiniteN66Shard0003.lean	e94353760626b879eac4353db6a0cbb04ed4bad5044110db800de60ee02f5c27
Path2/Path2FiniteN66Shard0004.lean	39d96067fc49b871a01309153690f1c7bc21e80b0f6593e2430634e843624019
Path2/Path2FiniteN66Shard0005.lean	198cb0549c2fb270fe2d7d04b01b09b9c7d98751694f8848b03858d9ca8e3a51
Path2/Path2FiniteN66Shard0006.lean	a025df1cb49b0b07d2580baf1e287af2f8d4741d7cd9b43ff65f7fe3f9f9746c
Path2/Path2FiniteN66Shard0007.lean	9ed18a9c94f26fc6f830dd21bbdc84d724c1331994b8392d870429b8e5efbb4a
Path2/Path2FiniteN66Shard0008.lean	27c649e512e53c288b9b40576ffb7c0dd008080c5bffe397b249bcfc1b3817c9
Path2/Path2FiniteN66Shard0009.lean	036cd1eb7abfe4821c4d5c419fc07c5e764a01e2cdd0203bdea13471cdad71c4
Path2/Path2FiniteN66Shard0010.lean	3816f4a9bf81e8a28119186570bd39a21503ab64f4264e69fb77e370e80256c2
Path2/Path2FiniteN66Shard0011.lean	2edaa85bd37e8cf2ac779c075a3712c03be565c6f49d8ebba58400a3462332e4
Path2/Path2FiniteN66Shard0012.lean	1c6ceafd908f85e99ba37f2dcaa82a6a4b39b95dd23f03e4d76adb7b07bf088c
Path2/Path2FiniteN66Shard0013.lean	0844b263b46785e8afbcd6c10f3e63b8ec86d2d4fd47ebef7cca6fa6ef0a2f96
Path2/Path2FiniteN66Shard0014.lean	ac884e0bbb7ef9ff3cd9280b0e1a6f2b5f9d979ee14d589ac2fdab1fb17cf503
Path2/Path2FiniteN66Shard0015.lean	b2dc07c8b84b2836c958811e1fca16ed247c4cb9fe92dc3309455a4b574bfc72
Path2/Path2FiniteN66Shard0016.lean	31f42e9d0f93ad1e277255b241183b4242de10d2f86596c343ea31222b22bbce
Path2/Path2FiniteN66Shard0017.lean	baee7e55e1e40b54e2cf226de2ac1a3e937eefa9ff1bd3bd093b205c50087e46
Path2/Path2FiniteN66Shard0018.lean	9f051b3b7da7abd3d573755e763df0372f67b09bae4cfd0e798225b68347177e
Path2/Path2FiniteN66Shard0019.lean	95e2ca6c91ca237daf7d008a4508db81d157639681c52815d88716b5ab58bea0
Path2/Path2FiniteN66Shard0020.lean	4edff9ea95751531893d2e6238f303e1dd9f5ba3af110570e0418e4a89161d5e
Path2/Path2FiniteN66Shard0021.lean	f09cc57e119e2534e4d1c79bcb0d480d4f2a8398e12f833b9b94fa6c1f23766d
Path2/Path2FiniteN66Shard0022.lean	2b22bd03614b1101590bbf7dcbed540b62501d4b4f2bde8004c7eb0acdfa4c5b
Path2/Path2FiniteN66Shard0023.lean	c575e2a818c78524c95a05af30bd7baf1a3081f848550976062f351b3023bdd0
Path2/Path2FiniteN67Assembly.lean	4e27cc0db1e08610b9570c3493a7a344a7d0c9482c776c8cb203a70966ab370d
Path2/Path2FiniteN67Shard0000.lean	1936d64a7801c715ecc5930b96738f8c1d064dd1ab5ac8bfd66369de5ad2f38f
Path2/Path2FiniteN67Shard0001.lean	1e025e925e79dd7a61f624bfe3144882139567cf19bb944a8a546bfd001cc61f
Path2/Path2FiniteN67Shard0002.lean	f01419a0523a9c949f7b87e9672aedd19543964d0bda113f66e8b09dbfb0b140
Path2/Path2FiniteN67Shard0003.lean	8527aedbc10a7299904b1b81856c069e711714cec7397a253e241943d0524567
Path2/Path2FiniteN67Shard0004.lean	540aee2dccb758bb990f36028562fae8faa2bd338d5e38d17dd8a0ebdfc0b5ed
Path2/Path2FiniteN67Shard0005.lean	35bfcf1e4410cfad3001a12a0c5f1ab479690744d1ca2d669392709dc461b8d2
Path2/Path2FiniteN67Shard0006.lean	11b659103a3cffad9332af63aac84bd4011285b676344c3ddba0c0a51f1bc634
Path2/Path2FiniteN67Shard0007.lean	6e9a7217738d953daf28c9ad517a632eac6504476757782e7a339a855ff211c7
Path2/Path2FiniteN67Shard0008.lean	bad0a2f271176bb7a085b8e71af8ea56a7d2f5b21b646784565be694a0f2bd16
Path2/Path2FiniteN67Shard0009.lean	d788b781e8bd61b8e13c93f29475f6f48f318628b97a383c095d1cc10c2429a3
Path2/Path2FiniteN67Shard0010.lean	415beaf415f7954cd1a8039cc53a0fbcc2ac5b24be01547c71725ad37b3be894
Path2/Path2FiniteN67Shard0011.lean	5e76c3b38ee7999cf34a31f8b8ccf7a67ae6ec462cc38495ecd1d335dee8b59e
Path2/Path2FiniteN67Shard0012.lean	5ab32b225e2ac3c5eb880c0cfa280fac810620d746ca8e112addc17cbdd56f1f
Path2/Path2FiniteN67Shard0013.lean	6b88824f79445e6c689f435711b7adcb847da826ebc4b83cc1c3c58ee14b0751
Path2/Path2FiniteN67Shard0014.lean	55fe7b713306874e043ad07affcb83ca59209d1576522d04a8d38bad382701ba
Path2/Path2FiniteN67Shard0015.lean	dac52e8c700ae1b17bd9266473b23d144e9aa4b4038ac34b3e48e88119ba3d58
Path2/Path2FiniteN67Shard0016.lean	cf53a17101292b75c4928f31f40e42ea06adb51feda6b564fbbe79f61ce27803
Path2/Path2FiniteN67Shard0017.lean	a69b75faaf611adf9c0a12959428d259ef966b3329273c7bd079eb6ff570263a
Path2/Path2FiniteN67Shard0018.lean	0e38ebb868bdf83c59efd401ab4c8d51965fce0877d3654e56f0e4773caf2738
Path2/Path2FiniteN67Shard0019.lean	d4fb87831a165856bd2820ac527621316c60b7f56c76d8800cd93414bd37a062
Path2/Path2FiniteN67Shard0020.lean	81b4ce46aee6b15a43be22a72d014a15c41b0ba8581db66aca457872bbaa0b74
Path2/Path2FiniteN67Shard0021.lean	ffe9bed3af93c3df8628070f924713cee6398138722cae757dca5149326ec57a
Path2/Path2FiniteN67Shard0022.lean	9b20434023b98be411c5aa2c66da3b34f2627fdaf5293ee15df2b44f5da5f575
Path2/Path2FiniteN67Shard0023.lean	ecbf994e0da8785b015c04381b6df7189a4e6b67e7c37ccfc60c9e4c2b135ace
Path2/Path2FiniteN67Shard0024.lean	514daaadde9e1ed6da92163ecbad6c0f1290ffc3c741058cea73fc6a1255e967
Path2/Path2FiniteN67Shard0025.lean	e55c209ed912cfa85dc395f700e1f87c3a492b725dbe4f60ab550fae7c5f5f05
Path2/Path2FiniteN67Shard0026.lean	d2d9b1f1ad0cb9ffea1ee0f1a9fe58d581f7d19dd412ff0a96929f98beccd131
Path2/Path2FiniteN68Assembly.lean	939fb4a882ca8d4a5573c923c09634996522d97d6d7cb921cd7b406744870bb5
Path2/Path2FiniteN68Shard0000.lean	3d49ee1ecd5c4d2a6cf877dd5ffe2735c2fea299e64b0be2b7d4483c035b73e1
Path2/Path2FiniteN68Shard0001.lean	25d50eddbeb3ee7c625b51f20506e687e6a9cdabe24ba4e9291faac4ca2c0c05
Path2/Path2FiniteN68Shard0002.lean	161cdd4d17e996f1a66395539bfa3790212220a81335c42df0e6a4bd2ff2fb03
Path2/Path2FiniteN68Shard0003.lean	53f64af48fd1e0c57d4935410e9bd7d4b0e5c97ca330ee27c8c9e1a3c7058b23
Path2/Path2FiniteN68Shard0004.lean	fd391d9e85beeb8a54222cff723e21e2c7100bbb0c2b84d684a109e3a1951d8c
Path2/Path2FiniteN68Shard0005.lean	3e389c86656282719ab0b9df0c8a94e865e28d00af087ca41656843a251ec765
Path2/Path2FiniteN68Shard0006.lean	cf43948034b20ff74f09df1cd7490018abdda81fc4401133008e3a7530b48b8f
Path2/Path2FiniteN68Shard0007.lean	c66773d06a61b0f2f02506d9f649c01bba52d73cc62eebfc04a2c3b63c583166
Path2/Path2FiniteN68Shard0008.lean	88780d9c486b1427f1de3d5e01e1e075515a7e7e4228f40c8512eb628a38bf19
Path2/Path2FiniteN68Shard0009.lean	782ec3766c5b910f8539bcb1c066bd97a3e8ab331720a3671280ca8a62d77381
Path2/Path2FiniteN68Shard0010.lean	36da559ad3c38dbca053abe7f922448be3d7c0eafafecb7e530f115dc5e7e68b
Path2/Path2FiniteN68Shard0011.lean	f72de40f46e910d907db29c3c0ca0371b44ecb3b80b3763b9bca4c0785bc5e26
Path2/Path2FiniteN68Shard0012.lean	7bc790a06cec000f13c7f1699f8cd35793b160da2ef07f12ff1cd7f569e84607
Path2/Path2FiniteN68Shard0013.lean	302f186c2b76d2ebb9dcc070cea29619f9c25ed48d5033ed183ec57fc973dc8d
Path2/Path2FiniteN68Shard0014.lean	ab5ef403e1ec14f0f08ce3dff0d9748fab414fdb522490184065d2d0d725a41c
Path2/Path2FiniteN68Shard0015.lean	e33af18a48de58d15ec18c6637a5142d776ef6892a492d391b46785386590b1b
Path2/Path2FiniteN68Shard0016.lean	f46119b233787d0ead2c9d2aedd84e52bc9de1b653ea5c6fae6f8d149243c634
Path2/Path2FiniteN68Shard0017.lean	f4a88781bac571b657d48d61439c9dffd9157f259df5030dfb81544541fc46a0
Path2/Path2FiniteN68Shard0018.lean	63417c049c232842b4e63007916377a1cc3fad043454cff9bc13c1cb1401d34f
Path2/Path2FiniteN68Shard0019.lean	0a954599f08d3287e220f86f9b4ce4e97a8919175777857068652a1be117033a
Path2/Path2FiniteN68Shard0020.lean	52813fd6f72323d07a1fcf4aecba47a2e220702ca4cc9f15b6c0fe294577b3cf
Path2/Path2FiniteN68Shard0021.lean	8dfd80d9ff871b51062838c876be16bb8016a75ee85401ed1338cca8fd86f8c5
Path2/Path2FiniteN68Shard0022.lean	9d90a00fb2160ae30a9197652443595ec1242d0a8e8f35802f05f73fb42989b1
Path2/Path2FiniteN68Shard0023.lean	94ea1a55467e1c7092d528c6b22b48634a5c13f0c21bb715d88a476e6e197065
Path2/Path2FiniteN68Shard0024.lean	2a06eedd21cc2722b3574d7a19453d1538c66f0ba86ff373ed2827efac0a6de0
Path2/Path2FiniteN68Shard0025.lean	0c9502b1d92483b8ae13c3757d4dca5e744811f88fe76da06cc74e6596246722
Path2/Path2FiniteN68Shard0026.lean	bd069871051c93d97818932887352292a2f45cc4c485247a0847928fa716184f
Path2/Path2FiniteN68Shard0027.lean	e9a65d03417aad8ff3084d31c6324123eeb67616fdf568582d0261dd97ff5506
Path2/Path2FiniteN68Shard0028.lean	0e72421194b73b2921bb554b3726940e421c431f32dcd2e90a3b25bfdba49b26
Path2/Path2FiniteN69Assembly.lean	d0ed24c18ef5aa739d943916c05369908964b0d46284bcc6a19b8a9fac2611a2
Path2/Path2FiniteN69Shard0000.lean	889d9e708a20bc7ab28206e7d5f440d54c5de063a688af8b9eb586083ff2d192
Path2/Path2FiniteN69Shard0001.lean	db5983f82bfa518b92cf84e24f16f3e93691cab9f7a7bbc30893b8e43bae678f
Path2/Path2FiniteN69Shard0002.lean	99b9daf0e97a707391c548e0e65510d27d9fab86a0dce744e6760a4a7d3cc3df
Path2/Path2FiniteN69Shard0003.lean	d77c8afc73a2b75df614fc7d4ab16c9771f455faa55079c8f2117440498e2d9d
Path2/Path2FiniteN69Shard0004.lean	578e171cd71d6998a3803a8fc145c137385878780e41792f54b45832e400ef05
Path2/Path2FiniteN69Shard0005.lean	a6c808c0d1d9131631a18947366bacfaf8308e568632a4d0b1bf3ee67c728f3a
Path2/Path2FiniteN69Shard0006.lean	fb63605b2615a29530f1eb053db219e877fa2d6ceb5aa4b6f4abdbc87f046cf3
Path2/Path2FiniteN69Shard0007.lean	821efe2bc458cfdd1f6d5b61a736fa97965cae0d580ac8254a30da9064ee96bc
Path2/Path2FiniteN69Shard0008.lean	661949e34437f720de57a200518a08d04c5f622b953b306f297f64144464b025
Path2/Path2FiniteN69Shard0009.lean	5cffed5e296a089159ff9ed6655ff9d4fc7473e3fc838458f9ab068c49c16f9d
Path2/Path2FiniteN69Shard0010.lean	a12193342686b7aeef5f20750b2e74e34b837ac3b725bfabc25140e8cc3b1a3a
Path2/Path2FiniteN69Shard0011.lean	08ff04ad898d7f4946addaf3b87ff5426863817f83ed5735a2a6aa40f6c21785
Path2/Path2FiniteN69Shard0012.lean	effb2b003e1d9eb07a73eb0050edb3f93953a89771ffeff6a5a4294fad1567e8
Path2/Path2FiniteN69Shard0013.lean	f174f4d7297578f9b2c68ad8f9f8e7ca49c6d63945fc7fd3246e765c166188db
Path2/Path2FiniteN69Shard0014.lean	59196b3ecc703e502c5ae1d16b237b24320cd77c0309b61393274e386e41a370
Path2/Path2FiniteN69Shard0015.lean	c9680ac659a6d64d6df28b59467aa8500631e6f7c597bb4893851baa566ea64b
Path2/Path2FiniteN69Shard0016.lean	14e67ef381c49bc67a5b6daf79bfc5e526c991ff30251c03b2192d3b00d3578d
Path2/Path2FiniteN69Shard0017.lean	92df337fccecaeb23299867addeac442db25c80d144d244890aab18bce566db4
Path2/Path2FiniteN69Shard0018.lean	44f9a5bcf8208f36b1cbf46f18f2e0c025ec7ac40f7b30d92eab773e267831d4
Path2/Path2FiniteN69Shard0019.lean	e3d503089fff2ae807f63191b078005437e24e6cdb0a01d4646f10e4e5cf7483
Path2/Path2FiniteN69Shard0020.lean	a22f6cecb2be0c6bda04fb8754dbf20f128c197abec513c2ddde6a70958a006d
Path2/Path2FiniteN69Shard0021.lean	4809d1c7874574def3624cdba8df9379b443886a8653f1a43e866346b17c88e4
Path2/Path2FiniteN69Shard0022.lean	6e8480aaf29c46b715ae4abceb740b14cf2c3e201b30859108a8e75518545bd2
Path2/Path2FiniteN69Shard0023.lean	1e7a47aef1640e5787b97f0d88369103e0e846a1c8eb8efb3e8faa064646737b
Path2/Path2FiniteN69Shard0024.lean	422258f8b5baf9e3daa26d7e6ee28856c1414eeface096f4f850eb7fa3534eb1
Path2/Path2FiniteN69Shard0025.lean	85967947b199a6da907b15bfad8a5206898e6180a457226eb0ec43758d1a73f5
Path2/Path2FiniteN69Shard0026.lean	805ab5abe9bde070fc884507f28b259a533eef0c79dc8cefb1014049ca76b1ad
Path2/Path2FiniteN69Shard0027.lean	f3e156999e5c67abd72bc8c4d750c7abd9c315c41d5ef2fabbc3fdb0e5dc6332
Path2/Path2FiniteN69Shard0028.lean	88ad345a5f025a33e5b9f3a629e114a050916e4f737904f647f4d88e3ca16e8b
Path2/Path2FiniteN69Shard0029.lean	2d3cc48c4ed7e1b6322516a0e0bfcbcfd353cd4575427c36a2fc60a2dd898a06
Path2/Path2FiniteN69Shard0030.lean	9bff300b31cfef7b180615a62c9e56e4b826d650fbbd28373179c76d6f50c901
Path2/Path2FiniteN70Assembly.lean	f3b3693b3f0334ba417606613e1bf7271a0aaf4e580ca32c96fd56019f269f50
Path2/Path2FiniteN70Shard0000.lean	4a2fcbb77d43236ff9df0eb7d508974f1e0b846eb4d9c7e5830e3c107a3e752c
Path2/Path2FiniteN70Shard0001.lean	6180b7bcf26e4845b64f49c791c1b12de0ea18fb6c8f5d7953eeab81a380e18e
Path2/Path2FiniteN70Shard0002.lean	0395c4cc9821c753e1684ce192a0d55c7a44385cc6ab4ac5526edfa32debd7e4
Path2/Path2FiniteN70Shard0003.lean	50cb653503de70f1f25d29b8358fc0a9946d5b5dfdb11f4e02d4c71336819fff
Path2/Path2FiniteN70Shard0004.lean	ba5d3509311622389012415a27314a3c9021e5b17883a7aceeb2b15ca393cd40
Path2/Path2FiniteN70Shard0005.lean	d72f0ac8de721df9e9d288782b754bbff6eaec57b6a5e9fed03a5683d379dd3b
Path2/Path2FiniteN70Shard0006.lean	a922d9dfc8e2b4a7567adf3d237e1de9275391952c6a99a88c2d4a114d087dce
Path2/Path2FiniteN70Shard0007.lean	54739aec73458afc5ad9eeaf6869c72ef8cc63407674e678e4b79d5f7b77876a
Path2/Path2FiniteN70Shard0008.lean	fedf0199b2de930e95058d6b53bc2e07a209dec24528e9bc968f0e003c4d98f5
Path2/Path2FiniteN70Shard0009.lean	bb10197b27858e1c5f99abea21180778966eafc307572bbb6bbbd8ddb94682b2
Path2/Path2FiniteN70Shard0010.lean	86b7bfa8a8b747d84b55a610545532c4402740c47a55e67ad63f2804948d10de
Path2/Path2FiniteN70Shard0011.lean	4b982362d94c27024a7632d75812c58fb1b59f30a8bac43e5a0d87f7699eb84c
Path2/Path2FiniteN70Shard0012.lean	df29842cae72d6575a2775f5127ff9d445d387ff00b33d3e00d551cc0e200c05
Path2/Path2FiniteN70Shard0013.lean	9b9b4f6de0715b57ab52825119b3b8afc8164bad242edd4ad65229fe3a93de77
Path2/Path2FiniteN70Shard0014.lean	ba324036d16ea9a5e62c46b5d54286ff3faa22cd43ebb9dec942598a3a094164
Path2/Path2FiniteN70Shard0015.lean	075f57e2ba3f7c2c852ea39d24b30812985497f08bc19bd7f9dc0c542cedc788
Path2/Path2FiniteN70Shard0016.lean	aedb30a371e0f3ab9c3d6096a2d7ec08e6b7d63bbb5bf4718dfe880f2f490ba4
Path2/Path2FiniteN70Shard0017.lean	38679593f01f397c91c6d8225c8de8c96c2a691541cfd6cbd3290c0b2d537c31
Path2/Path2FiniteN70Shard0018.lean	52aecf45f3a6f99ed91ba966a2209f51809322574600ff911635be7c41259b82
Path2/Path2FiniteN70Shard0019.lean	6aae1ec812f59f0f461dbf6bc61f027c420e6fd48ad61e16cc4738a684ff9657
Path2/Path2FiniteN70Shard0020.lean	4b725f00b355c3a684db65e67b76442bec2f08eb37ccce1566f67675c215eb70
Path2/Path2FiniteN70Shard0021.lean	e1ab3374f9a4a2e98196cfdb757b1bc0472cb548d5bca37239f1882f384f8ff3
Path2/Path2FiniteN70Shard0022.lean	2dc97c7cdece6a57d6475c58fe657e8284f87aea4dd83a9c889b339cfe0f1605
Path2/Path2FiniteN70Shard0023.lean	71539f2e30e46efd5ceba6877f3c52ad584aa6703207fe8486e2ca857bacb9f3
Path2/Path2FiniteN70Shard0024.lean	55c6dcf7ddd7966ce471763422e285d484a00390764591a322a8fbe31a5cfc5a
Path2/Path2FiniteN70Shard0025.lean	fdae161a09e1f2d53b4986dd56671745281e5f35ca157f26477516595a9a10dd
Path2/Path2FiniteN70Shard0026.lean	e25b4a2a90b9760b2aa3140afbe10e180cd0502cfbc39e2d7aab4787fc815efc
Path2/Path2FiniteN70Shard0027.lean	89c478052ed3a32f051033fa46f6af2e6ef8ce753e612356417730189005dbbe
Path2/Path2FiniteN70Shard0028.lean	3b3e904affb297e01665f04f3a04e220d5891d0dbc43c52f95174f42ac13f64a
Path2/Path2FiniteN70Shard0029.lean	9652ed459612d3b348c6fe78398800ec321f8172197670a84b872bbcea772736
Path2/Path2FiniteN70Shard0030.lean	b5214a81bc89a5cfc16e25a16509e08cfbec4ca02901ed9b9a1aafb0dcf9f404
Path2/Path2FiniteN71Assembly.lean	a29d5de1a87f87798e48e58358d3541237f8ed4235f28871ce5d9c02574ad000
Path2/Path2FiniteN71Shard0000.lean	55eaaecd17c99ec171b072fcebcbad2e44e499fff5bedf58c28a4d731c65cd24
Path2/Path2FiniteN71Shard0001.lean	98406f04898b918290fcdf760705b50656a4546cf65c95b6cf72279c1e319ef1
Path2/Path2FiniteN71Shard0002.lean	b47e7fdf04c1b8d63a4aaa33d2468b68f59302063e5df298da207f326c93c00a
Path2/Path2FiniteN71Shard0003.lean	737c37ca4f96472b3cfcdeb7627b36bd7e8a5dc05f08b12692f2e49243c32aec
Path2/Path2FiniteN71Shard0004.lean	71aacc4140dde7ecc5589387c5b4bf99359d15d4d1b79f397b49160d19913145
Path2/Path2FiniteN71Shard0005.lean	a17319e5de7ad45fbe1d84e3b2551a67c2bafd0ab61732a1c2d2060b0edf1330
Path2/Path2FiniteN71Shard0006.lean	bb017880d12cc1acd6b95a175b9ea94668c9d2ed513972760c758888de5a84c8
Path2/Path2FiniteN71Shard0007.lean	bb459e09e49a4e3098f2bb3e1c4b188718401de6b0aa019c330baee0698293d4
Path2/Path2FiniteN71Shard0008.lean	966ab22a2944f562eb6e8268efb738ad00a33f3896047dc92575578c3f2df731
Path2/Path2FiniteN71Shard0009.lean	5171c819819fc3b7c5da3794501a2a4aa00e52aeabccddf41c56c7369494bfd6
Path2/Path2FiniteN71Shard0010.lean	610e5432b1df634ee15907d5e612bc5c354754d59819e6dc5066cd1806250dca
Path2/Path2FiniteN71Shard0011.lean	c7370582588773a131d291f2784fa107c8f07466c0953bf14a4909dd783172f6
Path2/Path2FiniteN71Shard0012.lean	0c62cf7573c9996072c6e25380baf2bf0951953d6f108ed7f6560dc3adefced4
Path2/Path2FiniteN71Shard0013.lean	6117efd9b74cae350525fe170d779cc36c1af0778cec8561bd6a460db04169e5
Path2/Path2FiniteN71Shard0014.lean	51588fc5894e5971bdc63a0ddae04cef2b7f258d1fb4c69daeb7f1557f6bfb9c
Path2/Path2FiniteN71Shard0015.lean	3cd31a6fd084310c24c18bb2b61d2fbbf8361198bd0740a9519175aa838faea4
Path2/Path2FiniteN71Shard0016.lean	0ed7828451fa4120bf0ed4cb3f74eab8464dba8e6135f4e3596847b08ed066ea
Path2/Path2FiniteN71Shard0017.lean	79b30268b5e9728e7e4702d915957674b8947eadef9baeba2b2e9ebbc41fd4d9
Path2/Path2FiniteN71Shard0018.lean	85698496a09332060f73a52e5376127f2c8a3a62969c9df05d1f75e56ca4aaab
Path2/Path2FiniteN71Shard0019.lean	f6968eac060ba6c9a17974e1de2d399635e8f810f601ea23b8ff00e40619525a
Path2/Path2FiniteN71Shard0020.lean	face7bc23646ad0a941bda53f1c9443aa2c6d57faaf8f13181f6e70e2d41c5fc
Path2/Path2FiniteN71Shard0021.lean	7d26fbf8ebd9f8289a4157e217cae3155bc649b7b2e65d0a8d57d3b375275a9a
Path2/Path2FiniteN71Shard0022.lean	56668d3e61e7f7764919b31db63bab971dd9459a9de6a34ef28ac7ad62d56f11
Path2/Path2FiniteN71Shard0023.lean	d4d63b74aeb8ca952f1aa743d5f502233c74e49c7c40fc8fa2c39801d853ba0d
Path2/Path2FiniteN71Shard0024.lean	8e94b9c0f605c6444619983c25967c016b0b90c807ea88a79523c8a2cf249476
Path2/Path2FiniteN71Shard0025.lean	00d03a7bcdd0cd4c9acbcf343a4e7d582c14d707ca106b363ad26c20ab0ec5ae
Path2/Path2FiniteN72Assembly.lean	d410662b92c61fb594c57565669ca8914ac2ff86b17f5a7e086d7a50337cc190
Path2/Path2FiniteN72Shard0000.lean	492d1797c3354e780de69e44898cb1177e6e4eb13833d0fa408964f7e9943202
Path2/Path2FiniteN72Shard0001.lean	f51b46284e88575b97963d0ae684bb052e3f2c0871908dad871dd4ebc0923653
Path2/Path2FiniteN72Shard0002.lean	29d52aa95018f750887bfe4bc00c3cdd6e7ca150769a2ef3c4c8d4c5f26063a9
Path2/Path2FiniteN72Shard0003.lean	8495a94f060b31d99252a94cf9766d8e206af0c4143da9fc1b8cff1fd247fe91
Path2/Path2FiniteN72Shard0004.lean	34ab9d85b7b50690cf6c925465ea9e3d300129ff42d48d2c9476eff0db319cc5
Path2/Path2FiniteN72Shard0005.lean	aa5322067db792bc333ee5add9d152976f0d7e8e0d16474a64e30a8a7643db75
Path2/Path2FiniteN72Shard0006.lean	2e7d5148a18c5cdbd3814e35dcaaf5d6ab598632ac6aa9e94cb24572092878df
Path2/Path2FiniteN72Shard0007.lean	2431a19fca41fdcfbb46c2d0d279cbb51edcaaa904c4daae27e9172fb8c9b28d
Path2/Path2FiniteN72Shard0008.lean	180e5793ce92447f604f84843fe4da74b42be0292fe755c2ed2d708ae177e328
Path2/Path2FiniteN72Shard0009.lean	ed2977e6914ec05cdc874784b50da7f451f44f23061022156a2394d21f2fdc5b
Path2/Path2FiniteN72Shard0010.lean	664df0602953f0bde37fe04cdd59c007385f4ffeec134296de5e625a6602b82d
Path2/Path2FiniteN72Shard0011.lean	7a6a87232066547423c846af99dfee31482d1489e9eb2d5b6f58f188fd556954
Path2/Path2FiniteN72Shard0012.lean	2d1b326ab7087a50f3b555cb54dc5b8d61dca8fa5652497fd3d18f20bbcec107
Path2/Path2FiniteN72Shard0013.lean	abd9354c269377c146b0eae2f3403c9ca2e5385b2aa990f584e8853713c3eb1c
Path2/Path2FiniteN72Shard0014.lean	6adf23b4673df8b66b96fc73d63d90374cad2198f0615b05dcb23ad16ce00f01
Path2/Path2FiniteN72Shard0015.lean	2516618eb99c22926a6a2fcf65bc60e04b147ef516b3b25b3265b24123f5fe3a
Path2/Path2FiniteN72Shard0016.lean	280b7b81be9180e02d52721ac6d4d9b98f8bf20d7be94d51813ed1e71519e166
Path2/Path2FiniteN72Shard0017.lean	cea524511feebf78b9f7a048af66e0eb73405bb9cd651181fa34e60fa31f568c
Path2/Path2FiniteN72Shard0018.lean	db4190ba8c05b076db17d1a6da0b0d041948128c03b57c4899804a1aef76eb8f
Path2/Path2FiniteN72Shard0019.lean	29c983eea1718f2a77029bc4555321826746a8bc8c81fe370757264c8020889d
Path2/Path2FiniteN72Shard0020.lean	2bc7eb5b5ed7c1881a14efacd7f5cd61e4f494a8fdac6907980fb7a1a9196d15
Path2/Path2FiniteN72Shard0021.lean	9e33ae0a7eebfc5dd3f0029b986e38c24f8a234bfd09f47ae66c9ff568fc4482
Path2/Path2FiniteN72Shard0022.lean	c9be3189d2a46d24766bc4d7d267d25b7b04c773556b85a7d8204b9cdca156c7
Path2/Path2FiniteN72Shard0023.lean	2855754b29c2f11d4d5d1a178bc9510ed5eb44d7eb55d875290e2ebddf0f6aaa
Path2/Path2FiniteN72Shard0024.lean	6c66900501c708f5566431da4b5ec35ef87bf30a46728918ced8eb0076565edc
Path2/Path2FiniteN72Shard0025.lean	1b55be1fda4e1ac372a02253f895b29319e058b0e7304e7190ab5269c13b19be
Path2/Path2FiniteN72Shard0026.lean	5f9e67f2e4d632068fd360c86a1284de9d3a8077db735d2b4da3318c46e6c8f5
Path2/Path2FiniteN72Shard0027.lean	026fcdc28e7137943d9dc7198264ec461a3f9660e0eec7d1cbed74e8facdc487
Path2/Path2FiniteN72Shard0028.lean	43d94141a3dbcbb2a1d59eb7704ebba650004bcb40a12c3a1fa6b7a7e24089f2
Path2/Path2FiniteN73Assembly.lean	4a78d69eec5f36d75f66f3b4acfecc8eb45924e829d031f45bfd77aea5a28031
Path2/Path2FiniteN73Shard0000.lean	f2ad513ef116e32f95cf4ec95b200bea238695ea53a8f9d845724705047a7773
Path2/Path2FiniteN73Shard0001.lean	95c4dc1d5a08528fce76507ec01e96e679eed5c4f08355119130d75145259a92
Path2/Path2FiniteN73Shard0002.lean	50ef9bfd05e5e18097b46a84be3991031774627bab2c6ea113377255154342ad
Path2/Path2FiniteN73Shard0003.lean	4ae4ad76beaba8faea228abc15d24ae27ee95ef57f161005d8d6bf4a1ffbb992
Path2/Path2FiniteN73Shard0004.lean	6540bc8db3333f3c4df75521b82cd57a872990ac8c32c336e095538380d528f5
Path2/Path2FiniteN73Shard0005.lean	7ae313b1c13c9f531aa237aa4f27a71fd661b453a71991187657c922c13aeb2b
Path2/Path2FiniteN73Shard0006.lean	99ead91d51cd5410b2939b35f9f1888b4cf10ee168c019dc8d825b3111c8f02e
Path2/Path2FiniteN73Shard0007.lean	a341c5515c2f8ce9449d65c5d882996d574577a57f37262d42a846af7db0ea9e
Path2/Path2FiniteN73Shard0008.lean	f3af59e5ffa7e3fcc18dad3b3886c306fff26193326942fbdc89f7df3e6d1621
Path2/Path2FiniteN73Shard0009.lean	33656911b9d0819f9ea7245251ff09f0a6c3971e9075213a10a8bc2491e42ce2
Path2/Path2FiniteN73Shard0010.lean	2f13cf1baa7622813bf29eb4db3cb7456ababcb0a0c701846ba22c271d6e7970
Path2/Path2FiniteN73Shard0011.lean	9341c9dad43b6e615ff00d0d74371a56808a59b0d110e6ef22a1daef84bace96
Path2/Path2FiniteN73Shard0012.lean	6d3e01d8d07d0a3edc57cdbf7996444107cc5452da1301591e89b3673f3210ce
Path2/Path2FiniteN73Shard0013.lean	771010db2faadde05d59f3dd018fbe4a55d1f09a22b17c14054a45984f7789bd
Path2/Path2FiniteN73Shard0014.lean	5af72963cef2121818ecb9288b8cfc716349319a171e3a5daf864db11ae82135
Path2/Path2FiniteN73Shard0015.lean	7aa7fe2cfb339bdc1551a2c3e99a05fa84924c69ecd14702e80f0a483aed9262
Path2/Path2FiniteN73Shard0016.lean	4fee7e463226acc9c56c4a3ab41ab4e34cb3a60cc082d383360ecc648d72208c
Path2/Path2FiniteN73Shard0017.lean	07f704c79c425efa52db9d8f28da9fd9822d457f10d48ebe2f2933267f1fc1ec
Path2/Path2FiniteN73Shard0018.lean	ef64a403f2974370ccfa563760fdd9d603e627e11fb3dac808e6a04e8c62292b
Path2/Path2FiniteN73Shard0019.lean	164412dc8eec510506214005d5571b130daeea94d51744fd616ed47e674456b1
Path2/Path2FiniteN73Shard0020.lean	d8b0a4737c41cdf3b0fca6e3993e836969583bdf3ef137ca058b85d846485648
Path2/Path2FiniteN73Shard0021.lean	fd0c9b377c3815554050314f8a66a908f1da3788476cadcc2937a632d0515f0d
Path2/Path2FiniteN73Shard0022.lean	5ea1e715baa4a52c4b9828559594874a03177d55e9795d52f7048eeb4bd69d44
Path2/Path2FiniteN73Shard0023.lean	3dbed08dfa3285504d96c6a6d43c2d6a51e6821803e1d3587a14f809a83e8ec8
Path2/Path2FiniteN73Shard0024.lean	84bfadab81fe39705a672ad11ac43694ad2eef368482e41ea4c4e6ed377539e6
Path2/Path2FiniteN73Shard0025.lean	3f18863a61c401683d1eab8c9844f9e196f44e543d493573f9bdb924a3387bc0
Path2/Path2FiniteN73Shard0026.lean	e7f16a2e6f77c06ec75425d108ea63a2f6081e7e6415ac268b39936b0bf5dd78
Path2/Path2FiniteN73Shard0027.lean	226326dddc10a8e02fd60cb127a799a455d04e31cb7e143dae702b108ed07c23
Path2/Path2FiniteN73Shard0028.lean	ae7e730907647eb04d11e10530347bbef1210d1f7ce3c3367390a38c47e1e2a0
Path2/Path2FiniteN73Shard0029.lean	cd6abdf49e6bd0dc5e0c14af0b86f66684de11baf78de27339223474d478a1d0
Path2/Path2FiniteN73Shard0030.lean	2ec624b37a9e8e72973a0bda33757809a8e5e7b03903af3bb1661751fff77e06
Path2/Path2FiniteN74Assembly.lean	5e441cf810c7054e77dd5e4987136ca0ac361e6ff96168ba1b23fd7042d0c6f1
Path2/Path2FiniteN74Shard0000.lean	59c731713dacc38deb20d7d86adeb6ebd782ab9d1dd342da6f521177fd218372
Path2/Path2FiniteN74Shard0001.lean	532e15927f01c395145ae1a8e7e274e0fb7f48bdaac3ae9497b16738e70fd481
Path2/Path2FiniteN74Shard0002.lean	7f86d3c8e83087a964d8f3a590b191460d82c9d65efa541e81962d415e81ebad
Path2/Path2FiniteN74Shard0003.lean	2e91b1198db13d1810f0463b77137bf4df5de424fe283dfb34050f8da0c08050
Path2/Path2FiniteN74Shard0004.lean	218c28a8b24ca3f42eb1312238a1f78692a32b0f62c3c620d5f32884a57f724f
Path2/Path2FiniteN74Shard0005.lean	f5391607626e94f08294f5791d84695c84f931041ffc8f28817019d15d4dc56b
Path2/Path2FiniteN74Shard0006.lean	bcb0a71212656da84444009ee2a26f53576e1091e6a176dbae567ec7b0a71ee5
Path2/Path2FiniteN74Shard0007.lean	93764487a1a91ac21f422cbe9d32e5eec01e6577efd9775efdd3b0255c303f06
Path2/Path2FiniteN74Shard0008.lean	beda75b5673d1a6e56c06c725ea057e25b9920e095c7c22ec66f2957f0884918
Path2/Path2FiniteN74Shard0009.lean	07a3c4c42c75d2b113923b412b92d58b27c8d1700623c68ad721d8eec657c550
Path2/Path2FiniteN74Shard0010.lean	d95c23649bfd4ef00fdb68651fe15d0d9b3c8d38c92616c4bc3e1a17ac7da0a9
Path2/Path2FiniteN74Shard0011.lean	99c40b53d0cb1a5a658cdcf3d7a50302ba7b2c2242c9de36d987106ccfebff69
Path2/Path2FiniteN74Shard0012.lean	228f511be9d11e2c84bfd781d8a56f2fcc494c79f88cb5f58269905833c9cf85
Path2/Path2FiniteN74Shard0013.lean	d271f0aa12167d2082ae00a32d06dae91f6749cb9e26728cbff918449e0d2fe8
Path2/Path2FiniteN74Shard0014.lean	b120ff8df9508c07905d61365be9e120c51a1d1201b28de1d10b09237a77603d
Path2/Path2FiniteN74Shard0015.lean	3a75f1a4abb7a8c68f1be45bfe1ce8c81a0fe609b372366fb256b046f08d0979
Path2/Path2FiniteN74Shard0016.lean	4854fa0473d2a31468a7b0326545cc7150b71dd5a6cc0bafa0b63e468ea08dd8
Path2/Path2FiniteN74Shard0017.lean	abff0978b9a6190755680768bb022ad3b88e781db8adf098bc3eddb89c29a4a1
Path2/Path2FiniteN74Shard0018.lean	b262367df054caab66c2f24d143af0b62ea014eeb1db39af2eab8c1d9135bb39
Path2/Path2FiniteN74Shard0019.lean	768f3efaba3a7b6cf636f726e7f79563e8b7231aa62676d477c1db87a782afae
Path2/Path2FiniteN74Shard0020.lean	af315be64fe7bd47a8d1768dcaef14d52bf58e8ca583f7568f0be0107f5cd911
Path2/Path2FiniteN74Shard0021.lean	f7988a104c9dae03433546cb6070b95a7f71fd7e9718574b64f106b0bd8e7895
Path2/Path2FiniteN74Shard0022.lean	f4c6cdf89e777360d99c3590d5b4099e7a124777a11a96d37c96f2c925ee4f98
Path2/Path2FiniteN74Shard0023.lean	58467b39df708a627455af55da4b34f360c51321347446c241c639ec26237a85
Path2/Path2FiniteN74Shard0024.lean	b350ed5bf62c7fc4521e554d815fce09660d3260b12dbccf07c1b6176e08953a
Path2/Path2FiniteN74Shard0025.lean	0330a27fb0be706621e0c385e5360e6982f91366ce7ce96929698f3072b5154a
Path2/Path2FiniteN74Shard0026.lean	da535fbcbfa09cbb8aa51e0c840d8325783da2c5a1c6fe2a8cb157f19ea6c061
Path2/Path2FiniteN74Shard0027.lean	f9ef192488f131e47485ff3772712998c490775be5323bdbc94d3c1c9e3fbf5d
Path2/Path2FiniteN75Assembly.lean	f2373017b2ed1e2ddde86701406cf11109dba9aaf78e12c85faed268221f9d6f
Path2/Path2FiniteN75Shard0000.lean	012d854b91b9079eb4c3f266a4975cb7419e65a736a260b6be7bc5bdd26f95fb
Path2/Path2FiniteN75Shard0001.lean	de1b18f3d03934872cea61c0f63e7b5f6e72ab992a79ad6e682abe30556309d6
Path2/Path2FiniteN75Shard0002.lean	7f7e559fd2e35d69687025874faa1d7eb5d3959d16f16ff667b6aac907901207
Path2/Path2FiniteN75Shard0003.lean	1b74febb7bbbb9edde6a61fd65bbb4d0f557d6913f1a265c9d5f11366633b1ad
Path2/Path2FiniteN75Shard0004.lean	a222fba78dca99b0bd0de934a0fcadaa82028ab4c49e7f00eb3a272a83416581
Path2/Path2FiniteN75Shard0005.lean	a90c010f528ba01ebe8edd43752ffbaadef6ace292e9b98b0583f5ee9572ab2e
Path2/Path2FiniteN75Shard0006.lean	458453a5f1a0aef5c248f0afb4e9e3479a19af0c7f136d5f9233e809a0cfc4d3
Path2/Path2FiniteN75Shard0007.lean	a759b66a387561df920b5c3618059f0b4ffb396b595535b8dcddbe83093c8b32
Path2/Path2FiniteN75Shard0008.lean	8e0c7369b7add552157d3c7fb7fd181eda5ce4a6a18c10a2335d6f00a28803e6
Path2/Path2FiniteN75Shard0009.lean	c1d3c2c82240070e2cbb48739803cb527557965d37299c0b9e53c7874a1387cf
Path2/Path2FiniteN75Shard0010.lean	2db5a1915eb43b8035ad8b993d8a696a6bf6aeff272436309f6c6c7bcdff08b1
Path2/Path2FiniteN75Shard0011.lean	7b3e6889a4daadd5721f550335b9b285fbbbef4dacc8a6099eaadbe02db1ff9d
Path2/Path2FiniteN75Shard0012.lean	1659cfacf1c481ff4b63e471cdb13345b5be259f2f843ed034e97bb1ca8d0991
Path2/Path2FiniteN75Shard0013.lean	c710fe0f2022e5e144edadad2b57e8ece4aa5768c7987e284677c47d05637bd3
Path2/Path2FiniteN75Shard0014.lean	89f6a19814f531b467f3db2bc270822754d59b400e82fe8944f19e186557fa34
Path2/Path2FiniteN75Shard0015.lean	be1c39fada47ca6f7cd822447f8fa31dad4a4596774302295e7eecfebcab6d89
Path2/Path2FiniteN75Shard0016.lean	7619394fae1006d7a851070b04d30addc2594043f2e71164e22e53a5f92b602a
Path2/Path2FiniteN75Shard0017.lean	15ec87a920ed562f6b95e208989d5f76269bac1885a5f0003486a512ca37d463
Path2/Path2FiniteN75Shard0018.lean	04e1d64fe407d4a5c545bd43f4746405586c52a23f8779b3028d62cbf31c3658
Path2/Path2FiniteN75Shard0019.lean	68e24faf5b7023ab3c86bb79b31d211994d25c7d6854f638f6b5cc8e8001ec3b
Path2/Path2FiniteN75Shard0020.lean	a9a8311b54b3c067f1f04fd21ee9974b3c6751e320146349192e9f5965419cbb
Path2/Path2FiniteN75Shard0021.lean	0dca8acb242c3e7fffac6af961b1a4d110cf87d04cfbb1794e4d4cf0babc8136
Path2/Path2FiniteN75Shard0022.lean	4e7a8e87407a10e852ce9d27389ad02f42e76c7738c44e795518035e1c955ec2
Path2/Path2FiniteN75Shard0023.lean	2240e79eaf6718535e103cfa2dd715922f9cf2f2b795c6018ef760bd5f206a19
Path2/Path2FiniteN75Shard0024.lean	625d4ae39b5e2020fd321df00e42b0a2e2adacf4b04d72b1f63d3eaf03a75caa
Path2/Path2FiniteN75Shard0025.lean	0c68aaf41e310b1e87a3643fe2bf8f186cf38f67d84152fdc7cbdfa505091c21
Path2/Path2FiniteN75Shard0026.lean	09d6403ce86d02110a4ba4cf610511806ad88b7a82f9292159b17c066d2a511b
Path2/Path2FiniteN76Assembly.lean	2cb456f7d10971d9f946bb7ba6577dd60fa2225071d04bc6d43312ee9f2de28b
Path2/Path2FiniteN76Shard0000.lean	54568b65570551b97cbdbc02684a25f89ba166d21887a1ea19c4f9736c25ff57
Path2/Path2FiniteN76Shard0001.lean	b0cd4d64e4440a6c305bba306fba07e6b582a9615fe4795bd113a1f7df20cbaa
Path2/Path2FiniteN76Shard0002.lean	13846624d1c9ca2f37b4fcd5d273e70107b2d4942e6a04c6b93d662c7edbdfc6
Path2/Path2FiniteN76Shard0003.lean	a52ed61396f46728835380ef545b596262b2bea43132fdc1e710c43289c7bbfc
Path2/Path2FiniteN76Shard0004.lean	cac82422418584625c0ba07cb8abeaee45e0d981c286c7b8d43fdc1c30ca29b1
Path2/Path2FiniteN76Shard0005.lean	8225aaca931a41a050aaedc8177653e1c455c53cc533b3cbd4d916c2930eb8b7
Path2/Path2FiniteN76Shard0006.lean	577d2a8669dd9f2813e24f41c493867c4b163a759ce5ea9c50055ee99deeb7c7
Path2/Path2FiniteN76Shard0007.lean	802546403b2b02c0608708b606b7483293e17ffacb2374f0341e6c4f6f019208
Path2/Path2FiniteN76Shard0008.lean	8e73b0ccfd0aa7e55a6b0da82868826a1131c25ea4c8ebcf3a856b1537fcab7a
Path2/Path2FiniteN76Shard0009.lean	3fd1a48571da36d69fb0885467b738f0573d7a35e5526d8bd24c7b976f812777
Path2/Path2FiniteN76Shard0010.lean	edd9098802350ac3437233301da4c21fb6a5d55f79ebb95d7a73464de3cebd7d
Path2/Path2FiniteN76Shard0011.lean	f38835cace83e8ed1f8ee5223dd27ca659641e41c0fe1536503e92897eb01e80
Path2/Path2FiniteN76Shard0012.lean	f22eaf57d33c218ca206838e577569107d3d211001d2ff7327e1015424058b35
Path2/Path2FiniteN76Shard0013.lean	f956f75d20765c791077f5faea71cd6cb31c3aed921b11a79f41af0b93a0880e
Path2/Path2FiniteN76Shard0014.lean	d8f34d4642ea3b827ad89df3a44869d96edaaaf012862d1b3b809fe792d73f6d
Path2/Path2FiniteN76Shard0015.lean	5c7b07554c339587caa9d32100bda6a5539160fe6105cc92f78b10f15c4404be
Path2/Path2FiniteN76Shard0016.lean	be28a4b3b455a4b32721043392188c8413c4198c594ef15999f62084046d5eb0
Path2/Path2FiniteN76Shard0017.lean	ecb2d61b1acaaa931cdf6c59553fb456c93564daf65f4ca61b6d0113d4e2f680
Path2/Path2FiniteN76Shard0018.lean	7f33c968e3898776f5403734efe61d76c9f626655f10a2f46034f6362b2200a0
Path2/Path2FiniteN76Shard0019.lean	aba74aa3f0f1111f152fa94ac38c799e0560e3ac356c58e0e45592dcfb74d19c
Path2/Path2FiniteN76Shard0020.lean	4ac3bcca4b8aff73159f7bbba9b28066705e1f36c0131070a20944d1504c2f20
Path2/Path2FiniteN76Shard0021.lean	c4b483015bb285f8061ae20bb8865b11b4809b074e13484d992916467a5051a6
Path2/Path2FiniteN76Shard0022.lean	d4931d68bfbdd2c41e6ef14ac7539d4b2f4c719cffa5fc5aea5e5bb26131960d
Path2/Path2FiniteN76Shard0023.lean	8a3b200bc0afb9e2d256730173a4839d287f3c587878992568c4d68ba84e5d00
Path2/Path2FiniteN76Shard0024.lean	df7fbc3e86e7fe7a73a732d17d2457275f6c720dc86be235e002e5aeda5f0e74
Path2/Path2FiniteN76Shard0025.lean	e4114fade165c9d9a06aa31cd58c6160a335a07b07173f23fc6211d5c951de58
Path2/Path2FiniteN76Shard0026.lean	9ef110ae5c671d0d45042c28c1698f30bb3c01ba29ad408cf8f0dc911308dc62
Path2/Path2FiniteN76Shard0027.lean	c4da82568edb83444880014fc1a746c53a77d88d96dc3c16ce3505b8360a9bcf
Path2/Path2FiniteN76Shard0028.lean	1d8790524650474b6a9666ec7442155a304c7bf96e11a611a447811289e0c274
Path2/Path2FiniteN77Assembly.lean	5c18ea97cd7bddb8bb9136e38a3a87de4da8dd34a57d6384168fb052f35cb424
Path2/Path2FiniteN77Shard0000.lean	a25509691fac27f89c3bbedd3b6f3cad1053734fd9824d4f7dd5bcbe2ce3f81e
Path2/Path2FiniteN77Shard0001.lean	f357c7bcd198a01b4f8abbbfd5c6ddd4bf30efe80f702d19efb7eaaea1dab70f
Path2/Path2FiniteN77Shard0002.lean	9c1191af509031b473c8a3c747c5537f1b3b45aa96bc9d7ee5edff35ed159ee7
Path2/Path2FiniteN77Shard0003.lean	f9ed89123c8c3bf5359322b86b55a662c8c730f122d280f0a2dffb9252924692
Path2/Path2FiniteN77Shard0004.lean	bbc13da49bb10a0278d3271f762a0164eda958fe7575220efcd338b508ca6c18
Path2/Path2FiniteN77Shard0005.lean	00e9b85800b44cb5f90d300e2e81e1c7256b03d78ff658bd09dc8952c45ed8b6
Path2/Path2FiniteN77Shard0006.lean	4482afab45b1e440590ba13ac9ddff100bbf52f90e4d288d4c033d953095bde5
Path2/Path2FiniteN77Shard0007.lean	4272281d401b0f74777559d6b360744012326fee8915663464add33ef87ae38e
Path2/Path2FiniteN77Shard0008.lean	6a521c93d42ae0a58255c02bc3fd0481f1b69800a8af1cbd872179df850c13ca
Path2/Path2FiniteN77Shard0009.lean	56a7fa4b044c15edde99c6ec5157884ff42662353bcffd47e7b8c25e3da9cccf
Path2/Path2FiniteN77Shard0010.lean	144d9e28c111a2e59561a1dde82a2cf5952c0bdda8c48dae3a48fe90db943ebc
Path2/Path2FiniteN77Shard0011.lean	8b48126d98ab6398861c1b7b4a9fea070e3579b1ca3f655adf9a296df28c0965
Path2/Path2FiniteN77Shard0012.lean	0a7fac0876cf989eab8589a1b84856675acf9611c9ea312c9d6006627d5a4e94
Path2/Path2FiniteN77Shard0013.lean	f07755a09d60bfdfac5be7bc54a68cfe5e67343f52c0c6bd9651a3bf8297c10a
Path2/Path2FiniteN77Shard0014.lean	2982cc1ac27189db393436fe456ebb923dad4a3398a0172c5881de35fd0620ab
Path2/Path2FiniteN77Shard0015.lean	ee28ecbea3ca9de410a60cf2c6d0c3525bdfda486601c70751cbae7d7c12d4d6
Path2/Path2FiniteN77Shard0016.lean	f38864d7fa6bb298c0dbc3ce5281a9d6b416a115a84ad005bfe233bb0667d1b3
Path2/Path2FiniteN77Shard0017.lean	af9fdb2fd08556b98812f6c835261fcf3d8737fdb5b24e56371d98ecd0af678a
Path2/Path2FiniteN77Shard0018.lean	2d1bbc5636590154ec9e8147dd60385d642969c369cc2c243d977723d8046f5d
Path2/Path2FiniteN77Shard0019.lean	39588b9fc016d9b7dca8eab73ba725421caf77337c52d8bad8ba56be545e707c
Path2/Path2FiniteN77Shard0020.lean	abdf7fc7b6da008136ccd7a47dceb98150e3894fbe3800815612251324b7ec38
Path2/Path2FiniteN77Shard0021.lean	c30b699782b25ab6e3eccbe30bd05e459389a17979a9d33efa40c66256ace663
Path2/Path2FiniteN77Shard0022.lean	e5a0852953cae05bfdad5acbbe44d23048889ce09b252dc56ec7e8eca8078f29
Path2/Path2FiniteN77Shard0023.lean	c4171f576896d89d5c284ae9ba5088b644074747d2f2bf31c015deb22b17a2c9
Path2/Path2FiniteN77Shard0024.lean	a65365627fafabfe1acf5e91e7a96ee8b4b04adcdcbbb9e1ec14103d3dc6dd3a
Path2/Path2FiniteN77Shard0025.lean	1ba72378e90475c22d806625f9154e8cac3751830af3403a9e13af4051bd3ff6
Path2/Path2FiniteN77Shard0026.lean	0d449aba7d3990afe6b22ac0f0fe2aedcd4dbb32cdfbda152656aec5a967fed6
Path2/Path2FiniteN77Shard0027.lean	f4651485118304887ea77ead46c8f0e1408e343caef47deb8473b19bd8beb633
Path2/Path2FiniteN77Shard0028.lean	200003df27cae631d9c4f1a0d8a307d2b13b0130790371612e59060c710ab053
Path2/Path2FiniteN77Shard0029.lean	7f6dd2ee0c722a9c57c9d06176084186d28194683075229823f20183d757a7d9
Path2/Path2FiniteN77Shard0030.lean	c5aae9f2a3f1532a5f1957f7710dc3660620cf9d9be3de0d6b8dff97adc8d547
Path2/Path2FiniteN78Assembly.lean	6f7908b285822d0059a050bdc2e1dc84d3730325a14471d6f85e0c540ef09e98
Path2/Path2FiniteN78Shard0000.lean	96a43ec5bd0d2efd3db955be27267aa460858ac55bbd0f75e8bbfc10c9a80fb0
Path2/Path2FiniteN78Shard0001.lean	431434fb9a6063acef529fcdcbfc8edaeddf92144a70530f380bd3a6ef922d09
Path2/Path2FiniteN78Shard0002.lean	a7fa107500a63362a71b477595c5868517a13ecc9dbf0bfdb1a5228290e58539
Path2/Path2FiniteN78Shard0003.lean	26004f3e804d02c909338962b44b7e1c0d4743751a3b35f7c977c3675699f4dd
Path2/Path2FiniteN78Shard0004.lean	3a5612cc74ed2da5a89fbf4f41e2f1a8f8e8f4d019ab63769e88118daeef67d2
Path2/Path2FiniteN78Shard0005.lean	1e29fa12995921df9bd538df6177fe85e1a5308fc130a10af95a9763aeec6865
Path2/Path2FiniteN78Shard0006.lean	f3fc8ab60c4afc3d0d3b2e193b460c874b5d8c8fff53c28168c17f45d087b4b2
Path2/Path2FiniteN78Shard0007.lean	456e6531573529bee02e78c39dc8b51818031b36c5003da0fc11e30c2fbb7875
Path2/Path2FiniteN78Shard0008.lean	ed03abcb53fc4ab31539ab165fa616b42a90fd74f9e4c6ae8fa5aa5b7f2eb5d2
Path2/Path2FiniteN78Shard0009.lean	b08e10c59c33bb7f6d92f59367607db64608a94fbe5f7c30ba23b5fcfbb94948
Path2/Path2FiniteN78Shard0010.lean	23f27c48827ce0736fe25f11362bff7daae377baa4edc4c1fc4ebeb82904d35b
Path2/Path2FiniteN78Shard0011.lean	63488080f4395231d46161d2ea0df595d60052ec00b71a7db7bf275c21dfcc93
Path2/Path2FiniteN78Shard0012.lean	fde3ac360caaf79bf2e6c4c1ca85e5e32df11c4107b2976eb345b8c2f5e38360
Path2/Path2FiniteN78Shard0013.lean	5ce892c0d4b8b7c8730f2a4688dea3bc111491f2f345119b7d1c1086b06a9584
Path2/Path2FiniteN78Shard0014.lean	7ee4769a6c405e80480025805e70f0a144fb09dfe6e078b8c052e3c06ff5384e
Path2/Path2FiniteN78Shard0015.lean	d0fa7bf6414715b4c96ba70a4912dd54ad39c8f3757a5d8e9a1019a78fac5bca
Path2/Path2FiniteN78Shard0016.lean	e42cffcfde70b6cc3460f5cddcee0abefd55a1a32681e53d055d1067818846d3
Path2/Path2FiniteN78Shard0017.lean	a1e74f2ec42f572cb2709c6f8396829c94cc145ba69f3c6c6360f86a6c08e0af
Path2/Path2FiniteN78Shard0018.lean	f1d4e5e9a50ab897002f78fed133feea93add847c92cf3115d75f6622865dea3
Path2/Path2FiniteN78Shard0019.lean	7c035b5a609c318442d710bf394533635b6724cbf7721bdffd42ca6a9cd9116c
Path2/Path2FiniteN78Shard0020.lean	687b46545db1710aacdca68ae7c9cb59ae8fd8b6b9b559614d8892e032f1bb71
Path2/Path2FiniteN78Shard0021.lean	c68de538f9375b4a93d03121a06f01814fe5aedab42551c6ead6acf18f1dd8d6
Path2/Path2FiniteN78Shard0022.lean	8876d283adfd315ce703184e2b9415fd3e8c86d8522484ffbd03f4aef288e67c
Path2/Path2FiniteN78Shard0023.lean	b6210bb89e39d2a079b5334298d1a4e55d14b918095519839e131c321aa828ca
Path2/Path2FiniteN78Shard0024.lean	24ded0267af1823a731f5da42915242869c3f5c5c7b1aa4de3ab38d9461e725f
Path2/Path2FiniteN78Shard0025.lean	9076b0f954cb9af8a45d002ce94a56bda72d6afdf7bfd4828d94e461c5f8bbd9
Path2/Path2FiniteN78Shard0026.lean	35ef257ac9f9f3e16858c41fae6888364cae1c0214d69ced69c5917c411e9fdc
Path2/Path2FiniteN78Shard0027.lean	3450e3cf1e16087aeefca9d053666d133495f3c160a4c5ac69e5ee09404119a9
Path2/Path2FiniteN78Shard0028.lean	1dfb2f160186101426d66136bdc0e8b8be18b14cf13d03dfdd989f2fff1f1b59
Path2/Path2FiniteN78Shard0029.lean	ef128ffb9a2b9b9e94f89f81c8eb27039c28b573eda83507c1bf2ddc6f8efc28
Path2/Path2FiniteN78Shard0030.lean	4452055490690c016cbe15578936a8279732e75a874288789aaf8f984773f26c
Path2/Path2FiniteN78Shard0031.lean	19f594c3f28abc7890c8da0fe71e7a28186fd77cddadf72df7613bde369ca56f
Path2/Path2FiniteN78Shard0032.lean	a9e60e8b8bd3073ec6eb20371c7384e7b9aa627ec7e2482ec1668bb7cd0c2cb4
Path2/Path2FiniteN78Shard0033.lean	26fc0c92b9cb6f078c75204962822b563890242af6b9a08a7cdcefee51f38194
Path2/Path2FiniteN78Shard0034.lean	5dc2d82a09b3b9c264a648ff65a0045784ad0fdd385240badd00c7e10a99917a
Path2/Path2FiniteN79Assembly.lean	edb3f30cdfc8ee672ef09684850f3d9bc78d112eecb2890a6eac9070ded7c8e2
Path2/Path2FiniteN79Shard0000.lean	8de0bcbbdffe790bbeb4aa34d79153f761c85e8d9470b35de581911aa9d47ac5
Path2/Path2FiniteN79Shard0001.lean	ff8d5cca26862a8532d19230d6ad2e92aae4b2a83bbb32611cef046b3209fcca
Path2/Path2FiniteN79Shard0002.lean	455ca6bdb9403868b3dcd3604c9fd11e6962f442a009b88c610483c0933bcc39
Path2/Path2FiniteN79Shard0003.lean	deabec248bfc0d455c2b7e27810d2ce11858a7f80596cceeb1263679fc53bcd0
Path2/Path2FiniteN79Shard0004.lean	853d472ead210df5b5e31cd9385757ead403b12ccb914865df93d2419937756c
Path2/Path2FiniteN79Shard0005.lean	57ccf9934b29b0bac0b508ee616adbb3454a87f82982ac6472970d6ab6a3a57a
Path2/Path2FiniteN79Shard0006.lean	8568fdd56edd3e6d74deba4d05e325e31d8524eb58a676bf4f8fa943fdcea1ee
Path2/Path2FiniteN79Shard0007.lean	59764609b6d233cbe1dc0c3d0fc54d662581ac7e47a9ca55b04bcc7f91016bd0
Path2/Path2FiniteN79Shard0008.lean	704a2fc3d10059c49edecee928a557d13229059d02e5c32c2e3d9310c091b765
Path2/Path2FiniteN79Shard0009.lean	49d9c8db456eb89eb30aa8fb66cf5cd4fb6638e4d3c00e5de6283d2f3e6a1351
Path2/Path2FiniteN79Shard0010.lean	41b8ee31fd4e077e5e0486948434b178ba8394f09072741f0954be41f97ff9da
Path2/Path2FiniteN79Shard0011.lean	1183816bcd8166165975f3a880b9a0e28abc2567f2e547fa8ba88c3cab8e3db1
Path2/Path2FiniteN79Shard0012.lean	1be408f2dbd11010d0991ac14544642a5daa181b741b61bf24deeb08fdc132ac
Path2/Path2FiniteN79Shard0013.lean	f8d5915c6dfa6670fc2e6bd93f27f3e9f3e171e015ad4ada19643bfbc7c7c027
Path2/Path2FiniteN79Shard0014.lean	c0d643cdef0581bd260218dbea18ca34936a3a4e3f56d04f21a9c275f78f9c2f
Path2/Path2FiniteN79Shard0015.lean	9bab447fdde18d31c09f9316ac98d225319cb67a7d030429c4f1511afea6b09d
Path2/Path2FiniteN79Shard0016.lean	6c59c2dd474b29340ed153bb53909a62dbc30c8d78e2f2e89e66fb171c5c211b
Path2/Path2FiniteN79Shard0017.lean	e65df571854177f0087e20630b48f7f4af992727b94abf83afe9c625edf9f9c9
Path2/Path2FiniteN79Shard0018.lean	6e29ed53d1a8fc16d72e1c844376cea79e27a1b15688f2fb7bc0a59ea3f92cf7
Path2/Path2FiniteN79Shard0019.lean	9b1d32b918c1c7029fa62b966490d88a04b458bcd5253b022b0dfc9ab2ff090d
Path2/Path2FiniteN79Shard0020.lean	8fd964df3e454cf02547ea82610cb1bce1ab23508483098479094568304f8a1d
Path2/Path2FiniteN79Shard0021.lean	f284ebf99227929e1a1a8416a410fa3f0eb8656dcf1327d9ea18699811e57a5d
Path2/Path2FiniteN79Shard0022.lean	e10d65957d6c95d0f4a2a711c8c3f13592bb48672639c465b197c3014b021028
Path2/Path2FiniteN79Shard0023.lean	64cba1a6bbda28fc6bf4730320836d8fca20351597b3115ad9edaedcc67fe0d3
Path2/Path2FiniteN79Shard0024.lean	24977b769157de07172a8df19117614033d70295da9b771973b023535848697c
Path2/Path2FiniteN79Shard0025.lean	e51e4c48c5aded66a1b565ae48ca7a2b26893b8550af0f7538b72dc8c4fbe398
Path2/Path2FiniteN79Shard0026.lean	13b8c574aa8c36ed7be4f7ea6a5d322aa286dd0aad2d3bac5255104e9d0487f7
Path2/Path2FiniteN79Shard0027.lean	355f527276dd88621d3ea2b4dfc1d111a3b6ff6b2999b8b17352c25397915f48
Path2/Path2FiniteN79Shard0028.lean	cc5ed1a08dd48137517c96fb44c3cbaa311f2a2acdf332de7889dace2ee438c6
Path2/Path2FiniteN79Shard0029.lean	e3e98a03c451ca0d54ffae85c50e98f76e1e46399532b4b359b47a870c28656f
Path2/Path2FiniteN79Shard0030.lean	98066704d8e88f8ff37997f0ceaf4661888606a114bc5362315d92107659d4df
Path2/Path2FiniteN79Shard0031.lean	c5f9ac54895d70739d901e6e24c18b55cef2409fba0c7a082cfa67fa033dc033
Path2/Path2FiniteN79Shard0032.lean	ddf8eb3fc01e019f17a9d1c2993af0dd485345d87c2764beeab99767a7603143
Path2/Path2FiniteN80Assembly.lean	26c9e2c8ef7cd0c2388a4606ef4e14a1e320319d6851b8d5718b02487bfdaf82
Path2/Path2FiniteN80Shard0000.lean	1dd01040a8e0979ade5413bb1ad82715b0a2c5cb9bcec62b91613234a360daab
Path2/Path2FiniteN80Shard0001.lean	d676f0b82edf40d12c03998017c364be2fa9e05f10be3236d583a187cf94e9d9
Path2/Path2FiniteN80Shard0002.lean	cd4276e6770766ec0945e52a59ea64413ea5039fff053e88165da027c5adcf85
Path2/Path2FiniteN80Shard0003.lean	dc1600db0a8fcc3b37d03fc9190d7499a67af1b20677cea35a1174e18017b76f
Path2/Path2FiniteN80Shard0004.lean	5f1ae76ade76870ebc29a189f0b7fe4a837003f9b493e1f3a48c4278105828e9
Path2/Path2FiniteN80Shard0005.lean	628edeaed3fc747563b426c5106e8284992cfaa5131cac7a7aef4b5b0a8828d5
Path2/Path2FiniteN80Shard0006.lean	19d7fb5c62507bd973cd6e26c62bdf1be4ee2baa41f38e3f71b6744313f80e0f
Path2/Path2FiniteN80Shard0007.lean	619304db2ef86cf4f825351e0cce48152b643c5b1bdb84c98c3158a253db955a
Path2/Path2FiniteN80Shard0008.lean	da7bf90dcfcecb0674c90b296b4ee7f704bf1caa850ad942d198f66f5367163d
Path2/Path2FiniteN80Shard0009.lean	2bb35909da17b824cd2ed862bd9caa34cd4537b433ec8c1248a64d660250281f
Path2/Path2FiniteN80Shard0010.lean	30246ad478c4f4ca5fc9d62702b63028a8c3c3375118c12900224c18e8ca4d86
Path2/Path2FiniteN80Shard0011.lean	d94d28ffe872b0e85592f8711f80c2223a04606592a6e177cff446093ced9e43
Path2/Path2FiniteN80Shard0012.lean	f412ffe28188e7771f878346490163924a8e329d1f1d03c6419ccbea33a0fe6b
Path2/Path2FiniteN80Shard0013.lean	065b225df8c68f7c46ee3d359c04f85800bc4646d58f375e74b883167786e1a6
Path2/Path2FiniteN80Shard0014.lean	104726c24a1a9d1bb82757c45f7d7e4dd303ceacd311a90dae0bf8ccbda32718
Path2/Path2FiniteN80Shard0015.lean	0326383bad448e93ba46f0f670f0b8132cbd60534d62f22f31e426186eec4a92
Path2/Path2FiniteN80Shard0016.lean	beed089674f84fc7b94643b14ab2a2d1a728ade73edba80b8849321499ffe9f1
Path2/Path2FiniteN80Shard0017.lean	206383d2f22f77cef401779e7c180e1852f85d937ecaae70199c840f3084326a
Path2/Path2FiniteN80Shard0018.lean	217bc708a623873149b3795a93ff50f96adf1a20d17a6c4b0b9eeb05664fe85d
Path2/Path2FiniteN80Shard0019.lean	54bb36b2e1dea127802f815ae51d817ffa709dfb447b3115b19e49ad978c7444
Path2/Path2FiniteN80Shard0020.lean	9cfdfb48058c48f70fb1a3f18483a905aa304b32313d008ec673b9051c52cdc7
Path2/Path2FiniteN80Shard0021.lean	4e572e725102e9230f2ff33d1d5ec975728a2f655e767ec5a046e5c577ab29b6
Path2/Path2FiniteN80Shard0022.lean	cbe70c7e3698945c5df8ab37a6a79bf0619a96e67af7fcc45883090bda789cb7
Path2/Path2FiniteN80Shard0023.lean	a24bed09f254f2036f7151c3d6097721258cceaa583c1c0509c70151030bf5f1
Path2/Path2FiniteN80Shard0024.lean	334b954da2ed54547425e13110e673205d439d4b12d327822f11e59abe7018f6
Path2/Path2FiniteN80Shard0025.lean	5d1047cec70a884fa279e37c4adc4667af591903f9172088af7ccd5fa3d212d1
Path2/Path2FiniteN80Shard0026.lean	ee1ce911ffc651aa2ff191978568df473c71866213e6a6a2c379abf7237729c2
Path2/Path2FiniteN81Assembly.lean	f148308905d6afb9d3fc220f029bdd0378a8f81632f05415d68309c91b800fa6
Path2/Path2FiniteN81Shard0000.lean	f591e32e512813a2ef0062cd2bbdc25e4127e4fb5b6c3ed4b5f725113823bfd0
Path2/Path2FiniteN81Shard0001.lean	d5e8cfbcb645c837d4aa338c2d5197f1556d2408748ea07fa5005f2403f77b75
Path2/Path2FiniteN81Shard0002.lean	60424e59e425668cf890c6756507ca19207190dbc4246a8d22b41d3eb33fc9bf
Path2/Path2FiniteN81Shard0003.lean	e6aee13e995efc245ad51437309b7878f6b7ab88de68a1ca87a8bfb0129ef17a
Path2/Path2FiniteN81Shard0004.lean	404ba8646c4090adca57a36a95d2c5ee8b51ae09bd3477c557742475a41fdb3b
Path2/Path2FiniteN81Shard0005.lean	3251c5a390d39ce84721354a331eaa5098935319a3ea500deeb11f9114fe1a5b
Path2/Path2FiniteN81Shard0006.lean	814c9bea6eaa604491e096768ec87a1c500066adc7cf62ac4566055698ab56d9
Path2/Path2FiniteN81Shard0007.lean	b55cbc6b59e9560242bf5640c70b79e358250270b8658b96f574a13ba7908dcc
Path2/Path2FiniteN81Shard0008.lean	bc00469187fa8acdfd84e2b7db18f9cec0bc3a9266c2e094c5d70bda7cf8146e
Path2/Path2FiniteN81Shard0009.lean	cad301bae42aeb58ac4344292d22e6b842acf5b60ba625008bf2868677a4c095
Path2/Path2FiniteN81Shard0010.lean	3346a8c5c8593b3cf948b36bb4f5f92abe0867f83fe6b725c7c396d4ed14f577
Path2/Path2FiniteN81Shard0011.lean	56a91b29d85dff94104f63c155497271d52b059053db89d44ffe6bd102171b37
Path2/Path2FiniteN81Shard0012.lean	60e9939e98b130c9bd62b3944a9c9ec62343584091064d860e753cd001e9ecd6
Path2/Path2FiniteN81Shard0013.lean	9d6bb4d03502d8e4514df41712cfe249e4ff6deb994398fe63715d5759680c11
Path2/Path2FiniteN81Shard0014.lean	669625bed6a782db9956b8db073883172113d375014bd53bb93debac9aedc218
Path2/Path2FiniteN81Shard0015.lean	7323c7e0c8d4ed37dcbda2c6198ed5707f52678d5be13dbc5adb409c55620d10
Path2/Path2FiniteN81Shard0016.lean	5cf628fdf114363ddfac7ca1ede775f99c752129aed3126367b127d2456c7542
Path2/Path2FiniteN81Shard0017.lean	68441e2e929c913581e60d770aa143962cb86f6e268c263115cde51b04187e32
Path2/Path2FiniteN81Shard0018.lean	70b4b817b193f13f71461f1936248cf93b13e29b2cc7fe2903317e5012c06040
Path2/Path2FiniteN81Shard0019.lean	280fea98ee3737228ad9a9254b6ca47a52953393894e4da1df3df9f007ae07ad
Path2/Path2FiniteN81Shard0020.lean	a84f1eabaf81188ed3a4515c662a7754007e83de74a85da735fe507a64f2e18b
Path2/Path2FiniteN81Shard0021.lean	ed031a16d29edd186568b5f67ceb3a97479943cb9b7f8393d42ddecb02cc5b31
Path2/Path2FiniteN81Shard0022.lean	ef39fe41473ace27da6a793bd1039cc5d50056e9593166917a8cbcd7e8b5eaac
Path2/Path2FiniteN81Shard0023.lean	e4a4844d71d53cda9629c48999e7d48fff0ab95421ae17a1bcd31f97e1bd9fc3
Path2/Path2FiniteN81Shard0024.lean	148cda2739b3988430d3a975a35ad8defbd748c0b75d5938b811ccf07a5869da
Path2/Path2FiniteN81Shard0025.lean	a26b280e724cd1bf87021ef2d94a03d3ef6c75758c2e21d793d71946ab25a7e5
Path2/Path2FiniteN81Shard0026.lean	1000ea1aff83e2a596522662537f2021936e16cd4a4fa4d2e7c188fc3bdc2cd9
Path2/Path2FiniteN81Shard0027.lean	08398604ab0a36348b35b23afd65e5b57d1fcd64719cde2d753c3f1d0bd2af68
Path2/Path2FiniteN81Shard0028.lean	c619525fed92534ef71c4adddac420349054dedd60c3f011d552223fda99d8c0
Path2/Path2FiniteN81Shard0029.lean	8591c716ec962ab5dae1c753a15a379bcc2498d1ff08537f85f2756c834e338c
Path2/Path2FiniteN81Shard0030.lean	a1f052aa0644dab6ad2f69abf0e8d08c3885e13ae8594dff35dc78f5a6540a97
Path2/Path2FiniteN81Shard0031.lean	1bfe7e50ddb15b0c726f552bc430fca110d3bc3a8d4a48704ee0db08f0b6a3cf
Path2/Path2FiniteN82Assembly.lean	e35f86d1f488f5b5e1a4f62979b5385dd192e542217e842520769e762b7c3c6c
Path2/Path2FiniteN82Shard0000.lean	f7e5737f52d34f967206a3f554b4a684e61c1bb2abd34bbb040fb9dc25b39009
Path2/Path2FiniteN82Shard0001.lean	708be1b8d54733749ea02699854010b9000190ffb7196bdd42bd2fb1602f39b1
Path2/Path2FiniteN82Shard0002.lean	301cdd1395961e0391a05257f9a1b02e6d259e6150b8c9b36848e8b440b8f34d
Path2/Path2FiniteN82Shard0003.lean	0b1fa713ea92eab2430a19161d490f44703112ec8ebbdb2403c80a6302dceaae
Path2/Path2FiniteN82Shard0004.lean	216ff0b3f7b07ca03cd0ad21637537e5ae00a45166aca224f177d0da98344feb
Path2/Path2FiniteN82Shard0005.lean	da4066533d0c8cb2e494cd8c48be2c02b3b9c4559737472750f51d2b20a032c7
Path2/Path2FiniteN82Shard0006.lean	a048a1e6a4a73ec719956d8166748fa59da7bccafd1417618c2004083de5cfaa
Path2/Path2FiniteN82Shard0007.lean	dae6742d1e98d2820545ef2eaec0fa1806e0b44acdc4a66ab0a0442baf46ce4f
Path2/Path2FiniteN82Shard0008.lean	9488d4bfa053e394d0ddc38f7ff3a3c70d6a92f97abe3dd15bf45ccfbb86c90c
Path2/Path2FiniteN82Shard0009.lean	6c8ed4098f6f82da0a4902e7c0849c1450beb80ace8d6bd715a5d40b7da7b599
Path2/Path2FiniteN82Shard0010.lean	316eb6c2bf2d79133dafe27d17a47bc649442df01165aca9dadc75c1ca526a48
Path2/Path2FiniteN82Shard0011.lean	e4ee3f4aa6711f8430611fca8ed3e66baa3188e1b1a7fef9d88bb79eec5f976f
Path2/Path2FiniteN82Shard0012.lean	c0d49be106a1d6c0e796a1424cb38740d237c71d6eea8a10c3242eb9b8dfb00c
Path2/Path2FiniteN82Shard0013.lean	4001267c1f57828da4aca16e9471f7b152c351561d261aae96b9e2aff56c119b
Path2/Path2FiniteN82Shard0014.lean	4061cd81cf97e06613f8e0faf60a7987952e7c4bc594267e22936a70f3563979
Path2/Path2FiniteN82Shard0015.lean	8e9bea29f6b353db56ee5cf922709db719d038ece71d36b31d393bda015bf4f6
Path2/Path2FiniteN82Shard0016.lean	b4ad7394035b73760f18d3f90d5f1abdaab950b8e66a0768d5754d7a51fa66d9
Path2/Path2FiniteN82Shard0017.lean	5ce9f453d0d1cbd5cf7b00a6a3eb167162d1ff3c1eac5cd325b53740c7e887cf
Path2/Path2FiniteN82Shard0018.lean	0d7dab59beeca0bee1f9df9f785287a775dfb561d7a7a9dfb8c33042a8e9a741
Path2/Path2FiniteN82Shard0019.lean	657f014a1ee7cbc63b70575694bb120902761539e10d003af9030c4e2b09674c
Path2/Path2FiniteN82Shard0020.lean	60cd85bd6b63ca63288c431e98240bf088a104d5343799f05266815fd2a06cf3
Path2/Path2FiniteN82Shard0021.lean	c0f539074cc2d67b7317efede3880591354b75c54224ccb7b52e264b59d7198f
Path2/Path2FiniteN82Shard0022.lean	9bfbe386b2d49b2eeb3bc2f40b6a2975d97924c9bf40913dc872ee4677495c69
Path2/Path2FiniteN82Shard0023.lean	bde81a5bf920f4260ee02e370623033d8abf5bfe5d678a70c0c920fa88836052
Path2/Path2FiniteN82Shard0024.lean	f4d14e906660212e32c4862e45895ae731cdbbb7433b23edee5353a440b580d9
Path2/Path2FiniteN82Shard0025.lean	a571fbb55494fa8462ed543c1920627d67a087e43e2c19911c6c758524918617
Path2/Path2FiniteN82Shard0026.lean	f0c444fcfdb72a37fd57d6a3cc5d4ef5d6212e129eb0f6e6995c710591750bd1
Path2/Path2FiniteN82Shard0027.lean	bfd381b796f171d3329637538302089e82e125ebb68b1f74f39b9e15ff0cf3da
Path2/Path2FiniteN82Shard0028.lean	ac929d392f3d8d7904308400bcd8792f860a5f4330f1d76f9427213052e22839
Path2/Path2FiniteN82Shard0029.lean	1c5100d19ee7e3cd91e79212bf33fab734b042b02967f9d2b55fce46b664b26e
Path2/Path2FiniteN82Shard0030.lean	c381d4d9c4b3d4a5abcfd79e1588c52070f07f7cd67ed18760708c5c5faeb05e
Path2/Path2FiniteN82Shard0031.lean	204c0edea0647c169a8d9313b61f1b676a73ed6fdd64bda6e7efb40d0f5f0d41
Path2/Path2FiniteN82Shard0032.lean	c7a38fbddc4ba5076f71ad8d6fe007510efde4b82b186f2a6c562eb947dfd8a0
Path2/Path2FiniteN82Shard0033.lean	11fae81297d3830afa9d4c7ba0772f77f4a9b537d3413759f1396f4f5f2e4dbb
Path2/Path2FiniteN82Shard0034.lean	fa073f00cdf8bb77ddbcc7e69b7bb5c937f76a69a76e5cdb42c0bb2579fd5b9f
Path2/Path2FiniteN82Shard0035.lean	5cbde2899c37372bd07dc7a998a33abdf01151167f1c7c3d35b562293f6992b6
Path2/Path2FiniteN83Assembly.lean	5056aecb3f8f55a758389fff4efb84ccc0f10a86564018987b6911c9d644f78c
Path2/Path2FiniteN83Shard0000.lean	e81b56551082066281b492b58ede75cc45d61899f48e1bf4813ac729dfc8427b
Path2/Path2FiniteN83Shard0001.lean	5fef74c7f3a4b27858c1a0474d71cb472aec4e48df5ead8c9a457bc6cb3d53d5
Path2/Path2FiniteN83Shard0002.lean	5be45d30bfc73a786f379cc186df5c05ee9d06853923a5170f22598e65257dd7
Path2/Path2FiniteN83Shard0003.lean	9b8e90566848602e9e012ec59cb4e35a57116d558675e2d3a0d0086167bfb70f
Path2/Path2FiniteN83Shard0004.lean	ae728f992910118b88edc5fa12cce3672cc3107adf70a143f593b76e042be82f
Path2/Path2FiniteN83Shard0005.lean	935339031af1d5b64a036e66b01ef0aaf5b8ebec00caa135f7b13b939af76533
Path2/Path2FiniteN83Shard0006.lean	b43590c2cf631db8317f3c4b1d4a2d25ebfc45ae976131bd177a699a4df10486
Path2/Path2FiniteN83Shard0007.lean	ba7abfe332b08f0d5f8d2b3db64f3f2d42ddd98e2972125c2c77879184820f65
Path2/Path2FiniteN83Shard0008.lean	2145cc86335fad91b4ff24fe1e3fb86ceb2a47491c91486a5fe773c1814555e7
Path2/Path2FiniteN83Shard0009.lean	e47c515ca120f78bc4b4c63ea431dd4c48b5281a7c191919125c0e98f960dd9e
Path2/Path2FiniteN83Shard0010.lean	7f590ec02133281de11bdc45430dac0557b7a88218eca25307dc2a822c5d37da
Path2/Path2FiniteN83Shard0011.lean	68dd6fdc43942c4b7cc5f5fbaeb853add45fd9eeafb65687af83693f3caee145
Path2/Path2FiniteN83Shard0012.lean	0039306cd72bc58d8719c609e2144b57e8d03fe1dc4592097a9117de0d7006ed
Path2/Path2FiniteN83Shard0013.lean	29d69bbb042416db138a13e71c574e6565e7fb9ae7a1383862eb159678b9663e
Path2/Path2FiniteN83Shard0014.lean	fc667363bb36ecee189ba1829dcf49c2d84c3aa0af83b7b467c6229306b14175
Path2/Path2FiniteN83Shard0015.lean	1962d190aae4e6c2a3c80692d13476d9bc464cae89ff1d5198ba4a0d31e30508
Path2/Path2FiniteN83Shard0016.lean	1d0d98616beae596ffe9c7a10c7478d4eee30b9b21122fcdd6c8b4a5fdf2abf3
Path2/Path2FiniteN83Shard0017.lean	1f911bdc79aab43a5e201263c51f31b7917b93a789afeaa1e5a9664783adbb2e
Path2/Path2FiniteN83Shard0018.lean	bb74c1b15550865b862a9831149d39c0f911bd9fc60bd41c9549edf26e1c50de
Path2/Path2FiniteN83Shard0019.lean	89862a88ad50694a7bdc57b5aaaca1ee9892406de5bb474d4ed56bb164f79a8e
Path2/Path2FiniteN83Shard0020.lean	40640eead25e14507aaee4d10b45ddbddb6a054f35e30e99f66a6d7722ffc0a6
Path2/Path2FiniteN83Shard0021.lean	4b4431e66cc57ba8722018d04880520a2a35b7c796d54b3045d28658564b5bb4
Path2/Path2FiniteN83Shard0022.lean	bd28e854ca21b67066fb4f02eccc00e0fc2942228328e304087f1ac2eae28af7
Path2/Path2FiniteN83Shard0023.lean	e7166f79d0bdf7747e7b4c8ca09264aa67828e5e923a821708861d6db281d7b0
Path2/Path2FiniteN83Shard0024.lean	0b2187451e27bd7ce845f8e44073b367b0e5f26e981a76fdef91cc35e3781582
Path2/Path2FiniteN83Shard0025.lean	4df1056f1c6c2af0235933fbb06e76124d1b386aa9b52e16ca3d2526bf537e6e
Path2/Path2FiniteN83Shard0026.lean	208d2b361aacd166b221d263319ac0d26144c214ac88eebce6179e656f846eab
Path2/Path2FiniteN83Shard0027.lean	8091ebfcaf2567240f1768fe6f80d5a70eb95a647a1979b83ca3b76612c2ecef
Path2/Path2FiniteN83Shard0028.lean	6a11c20449c49ff0423032bb989c437e6b753e0697b3cbcea500b0b316f93ffe
Path2/Path2FiniteN83Shard0029.lean	64e164b62e880909e575a649c47826ef826d5c5f2d45df962ff9f540790f11a3
Path2/Path2FiniteN83Shard0030.lean	0408377a1329ebc278b57ebc517df774dd6f436d7378abd2409e650a6ca86644
Path2/Path2FiniteN83Shard0031.lean	fcdbfa335c31042158dae24e19c6e60338348f183de79c2da49d568e1bfecb9a
Path2/Path2FiniteN83Shard0032.lean	1d1b3fe75e8c556cf0ec5bade46d705457104261feebb42baa8fca399e468e8e
Path2/Path2FiniteN84Assembly.lean	a2d528365d49548277da5bfedaa4a19be7df5b3ba6861f22d96c29eca7bf68ed
Path2/Path2FiniteN84Shard0000.lean	f9cda7270a78adf6c71e89c06dff67ca82f7339a9dc7e554110539bc322736bb
Path2/Path2FiniteN84Shard0001.lean	4db5759dcfa3feadea6669f698067a3cb34b9077a4a403398242b598cf362271
Path2/Path2FiniteN84Shard0002.lean	e332b7cf60dec57283ec54a4cffd1b93fd39f13bf79177dc5578b44fa104c311
Path2/Path2FiniteN84Shard0003.lean	b3ae9fefb9961d1716781c0e929e2d18bc2eb30d4be92155611faa0cd7272ff3
Path2/Path2FiniteN84Shard0004.lean	d4cbbf304992eaaae91dec8538a11e1ed0313f9bdb18e66761f790eb8ac67123
Path2/Path2FiniteN84Shard0005.lean	d84a6705dea0bf8ffa205a6735ab1be96bb0f48dfb3baea1c1c9d0e5bd9347f3
Path2/Path2FiniteN84Shard0006.lean	bcdede8c9a6c0d4361339fb7d65a1c28b746ee81db73ab4d5b9d1f1dcee31d5f
Path2/Path2FiniteN84Shard0007.lean	7b4250772a9ab5f552b873184cdcea7f36d4baae6d157d18d67b31d413dbe685
Path2/Path2FiniteN84Shard0008.lean	f7408502447cc79f3cdf502b888b0053027026c4765a47d5872c9627521ffdbd
Path2/Path2FiniteN84Shard0009.lean	bde690fef7b93b6736bc053b8a4d05dffcca23cf5bbbc25f750af27bdd71c4ac
Path2/Path2FiniteN84Shard0010.lean	b25a4dd57da5320167f361275452d511e5617d1e08c6a03419d8d64844dae734
Path2/Path2FiniteN84Shard0011.lean	11853edcbeaf787eb535bfd5cd83237a69f792926b1c318aefecafb958f18a7e
Path2/Path2FiniteN84Shard0012.lean	c64d5a7836a9af0e7c87ed11c3a3d072f5939fe9849be446249cab34690af4ea
Path2/Path2FiniteN84Shard0013.lean	59660a0e6b8e7c0b01662ed2c74e600feb4b7b12d87a6f14da77e71eef2bab10
Path2/Path2FiniteN84Shard0014.lean	41f640f906dd5813bbc5d451cb6653ec11a3cab8d4cd150b3dee07099ea38aed
Path2/Path2FiniteN84Shard0015.lean	fde918e443f811a9791412b30a5a56266b1fc698c5e84fdb9ec2daec9376822c
Path2/Path2FiniteN84Shard0016.lean	d241b3e2546f8263abee5d0f43eb2f95583817ff4c4d2e3ffb64943756289594
Path2/Path2FiniteN84Shard0017.lean	fd15418e8504541fa3567772a344f8e1fcdbfc7680b25eac6bc3b0986dfc5148
Path2/Path2FiniteN84Shard0018.lean	850b2618732e849b5d271859efc0f1398422d18f34efd182715f8c2ac8236116
Path2/Path2FiniteN84Shard0019.lean	cf0465faf6978663cd7cc40f6a69150d38248f6fe9b1b40d34e3a337bb0c6bd1
Path2/Path2FiniteN84Shard0020.lean	74bc0303e796ec72a8cede3ba782e49b1e873836d55e3001f945016523767d3a
Path2/Path2FiniteN84Shard0021.lean	6131702c0e562f43d11361ffdb65c2a7d63c4a65a134f62f3e6484a72e370eb4
Path2/Path2FiniteN84Shard0022.lean	fe52b6e7474d132a89ca488d39a3bac3ca13dbe0159741b618e013d2845c8c51
Path2/Path2FiniteN84Shard0023.lean	26ce4c2a1a46bf54c791c35a8c10b2141ae5045ec603dd449e9c5d43d08384cf
Path2/Path2FiniteN84Shard0024.lean	53ec95579be5a2690c96f1b78687a64a67bbb49132ec66f0eb1643392610bf64
Path2/Path2FiniteN84Shard0025.lean	202750c286ba3f04be6898f66d5e69de51de518c27dc00693b30439f90f03063
Path2/Path2FiniteN84Shard0026.lean	cb52d45b25aaa2ae51330a5b2b09c6d5e208f40c80a56a76800f9fba007b450c
Path2/Path2FiniteN84Shard0027.lean	563873ea9ffa4c2e88e6b8b017186232a7a0a62ceff745b87cea4253faaf797e
Path2/Path2FiniteN84Shard0028.lean	86dc00cde02963c6719af3de8cc422d4cbdc903825059926c43c3bdd615eb17b
Path2/Path2FiniteN84Shard0029.lean	39430989dd32fa2a4cff36adba4f4209c7c6e16f7a09cee895764ed1dca77947
Path2/Path2FiniteN84Shard0030.lean	aafca2f4aa4e23e1c18324cde7ddeda72a5c17a6049c2360732584a8d120961f
Path2/Path2FiniteN85Assembly.lean	4c21e2a76c7e4221d20fac01e3fec770cb6a314c81412de64446ee01f84bc74b
Path2/Path2FiniteN85Shard0000.lean	001a950b6fb719a403f10b31328bc1b5cba2a424e31e632386408fea8c7f9fda
Path2/Path2FiniteN85Shard0001.lean	2043e19da8fd3d84e0115deb7834ff17699ca2eda05c3dbf597326c05af04e26
Path2/Path2FiniteN85Shard0002.lean	77c950828353f093d8cfaa66a6a04c8135f380f6408b65d41d74268561e8e3b4
Path2/Path2FiniteN85Shard0003.lean	faeb1d78acebd4a0990d22a4ac90f819e30085b9be333aee0c1a6aba3f19cb7d
Path2/Path2FiniteN85Shard0004.lean	b87aa53425723dc0225c06a18d9b15300fcd0f3bdfc5711b4b1485cf1ca9e19a
Path2/Path2FiniteN85Shard0005.lean	2058915373c33a33640c7909c38c198c8bc5080005fbbfd3867d9a3d0dfb717e
Path2/Path2FiniteN85Shard0006.lean	f0dde78f5b5d1814058ac1d1aa05fe38ff1a262c3b0e9e74ed68cb7550bf3fb0
Path2/Path2FiniteN85Shard0007.lean	66482d366def7cedccff4c00f531ca2121eee76994bf79cfd165e417fda025d9
Path2/Path2FiniteN85Shard0008.lean	0a4a3b55cdd35f5468827a7485e2d3667c54a3bcc18b180a7f4acbeecb172ad2
Path2/Path2FiniteN85Shard0009.lean	42771c8e3e6c52d7b564482e1ad088e2f8c2dcc0af4c847eacd430a11fd6039c
Path2/Path2FiniteN85Shard0010.lean	4e069c83a5c7d3386733a30c00a66da3b0e5d8d38617a6fa0228cd3ee9ffbac3
Path2/Path2FiniteN85Shard0011.lean	ad38094af470fe98fd0f7d7d61c6995806da20a352fbcd5f6f70f8b1f1907852
Path2/Path2FiniteN85Shard0012.lean	49db99bb3453d08393b68570cc1ff1f92086fd92b6faedad85dbda27e86fc623
Path2/Path2FiniteN85Shard0013.lean	f40dd15f918690c3b6ec4498bad0ce9f6017ae7f1358a4be80b648b8e5881c74
Path2/Path2FiniteN85Shard0014.lean	3dac719326b1bdac3dcc93f0024faf6d9e336e0f9587397aeb1649fa11800312
Path2/Path2FiniteN85Shard0015.lean	6dbffe5777a94915d3d5e998cdd8511e2b567d462ba32cb88552d043646c43e5
Path2/Path2FiniteN85Shard0016.lean	0f646aff6064c6cfedd99c22224a2e27691325290e281c59dd68e7883556abb6
Path2/Path2FiniteN85Shard0017.lean	4f4c09c85dd8459705fb217a5733d42b849b001f0823f18436277bd17ed62807
Path2/Path2FiniteN85Shard0018.lean	4ff242b56cdbfbb5c048b936c0eea68bccc90d914841b465dfa081e04abc9c2f
Path2/Path2FiniteN85Shard0019.lean	9ec017b23b0b5890fce0de1357a57e66e38098da50037c36dcf27e34daf2a838
Path2/Path2FiniteN85Shard0020.lean	20a6fc5466782c741a7bd3e22b8b0e83af43532c15ec35ab4f8f7e74334dca82
Path2/Path2FiniteN85Shard0021.lean	b2c538410ae4cfea61dfd3bbb3970b712f267b37676aefadc0afbb94d53eefc3
Path2/Path2FiniteN85Shard0022.lean	8865c84d346d0323f621f19f92b8d10ec1370cd99477c29ca12e9bac6164a6f8
Path2/Path2FiniteN85Shard0023.lean	9ee6331894a987ae430135e54e2df39e6904f272db771fb5dabe427a25a6da9f
Path2/Path2FiniteN85Shard0024.lean	efabf7f051ba368f537ee9b1bf3f77fc95e4131f083221000b5c7c698fa20971
Path2/Path2FiniteN85Shard0025.lean	6d7e872203d9ca51584aefb9de4d0518b39c0f62edc6e8c25c67d48ac5e74242
Path2/Path2FiniteN85Shard0026.lean	40d45da262628ae49bc0ad46af87ee7b1ebee63a1a45eade5a78575433a745c2
Path2/Path2FiniteN85Shard0027.lean	e7b089b4e8179ef52f624140fca78f2db83a9a6a6adf37a82ee6be94225e9e3f
Path2/Path2FiniteN85Shard0028.lean	76c93ff2e7f50c3d5e7f4129ec2115b05605fe04c11c5e4b470273a3d7a43c27
Path2/Path2FiniteN85Shard0029.lean	01d26b4d74dc3b54dde3e1553914789a731900091ebf8f3f6bb23ccc56f3c3cd
Path2/Path2FiniteN85Shard0030.lean	605a42f3899c6e15a30494bd14893273fc6df4b1f1b7052650c75308122ea414
Path2/Path2FiniteN85Shard0031.lean	51394eb63943f198b3a0f0f88b4df0a111634018f3b47be0339340fb4b2f44b1
Path2/Path2FiniteN86Assembly.lean	dd08011880b21201ddbc7512fb66e391e5dd5dfc91d8ee50e1e75b3ec9e172cd
Path2/Path2FiniteN86Shard0000.lean	809469490c36abaf13789cdd80cecfaf2f74640341e8ffd3d6fbda90d9326ded
Path2/Path2FiniteN86Shard0001.lean	14fd9214cb3ccf9df85757fc17a94989f6b1b7837aae1057b6b3a3535479b445
Path2/Path2FiniteN86Shard0002.lean	ab1855d66686afa85e94b2687d49baa70e2bd36ebdd625181d35bb4410a3821d
Path2/Path2FiniteN86Shard0003.lean	12de36eafd5d62c68424e24170dd3e4e9753865dd44b02e7853c74277fd4b5f7
Path2/Path2FiniteN86Shard0004.lean	f264365a6584d6f5ba00bd8b074b5107cdcc2cc6a055f73ebe8f48ba40cf9c67
Path2/Path2FiniteN86Shard0005.lean	214acc89d28c501435fea26cef3d4dadc2fc6f6481c15024ed162c726ec67e28
Path2/Path2FiniteN86Shard0006.lean	520374758ade017a88d391a6f91b4ceeb2b5deef9515b6cf0cf92fe701ded63d
Path2/Path2FiniteN86Shard0007.lean	786f62a28b2e8e738f8b582ea5baca9a9ed46245b2f3f56dcd66c8dd3bae7ec7
Path2/Path2FiniteN86Shard0008.lean	cec15130f61381c4983aa4a9e59a38f9d074be8719e92ef123645cc691103fb9
Path2/Path2FiniteN86Shard0009.lean	09d7ac038390c9e9dea631f9d49ff29e5beb92323e450e34c5db573cfa653197
Path2/Path2FiniteN86Shard0010.lean	464dda91f05d4d9b7642b0cc340d83c348b564f7f7757a6b936f4925326a60ad
Path2/Path2FiniteN86Shard0011.lean	403e51e410da1fc4ac98920d3e4dbc02b3cfa0fa6a93a622e2a643d4e96a3439
Path2/Path2FiniteN86Shard0012.lean	169493837a6f3c2158f95afc4099b74747cbcf6f5dff2af1adbe4d15837795f7
Path2/Path2FiniteN86Shard0013.lean	e1f4321342929cbf7c514e5548af05382b6bd5fbd0047a5e9025dc0ac34b28cf
Path2/Path2FiniteN86Shard0014.lean	94e7b9905a2a8134359859775e7cd6eacb9712113303b91df2b7ced36933eea8
Path2/Path2FiniteN86Shard0015.lean	56eb8ca38c55355c5ea55843a94e37432f603de5af793155adbe37f740b84a6c
Path2/Path2FiniteN86Shard0016.lean	bdf5f7e1d021a0696777f4c5fa8a41d1a908f47656191d72ddbe914d72f95675
Path2/Path2FiniteN86Shard0017.lean	cefd723704f314a21bfe7916fb10531ed7293f69c069c3eb2735e6ce4a0c7b3c
Path2/Path2FiniteN86Shard0018.lean	b9e4ad564587e4adafbd0637b153a73c7c612b797955357a99049a3b01444f60
Path2/Path2FiniteN86Shard0019.lean	e5a86e41620f9d37cc999491d39fb3e10a42da872c78509fc1ffc1eb3893ea1a
Path2/Path2FiniteN86Shard0020.lean	7322f747b1aeff2b91f90f310ab96af13e94c29ac65f0c249b565fe0d4cfb483
Path2/Path2FiniteN86Shard0021.lean	ac5da55e564b9c9d3f9aa67a3a3dd3ebbc2a8669d810885532e84b5b2f23a1af
Path2/Path2FiniteN86Shard0022.lean	30555a725df8f6129cecd4d93e45d786a356116043dcd198c2750995a0069f76
Path2/Path2FiniteN86Shard0023.lean	016a4c502919266b9a68d1811313c35131fb87a6e39923291a268c5a41155965
Path2/Path2FiniteN86Shard0024.lean	ce9979c8329c484ddcd9f340f3d2cbe1b7c6d6beb36c67e6f2bca3c3a7ef4ca1
Path2/Path2FiniteN86Shard0025.lean	5a2a0b50120d55edc445c0352b6a68983e99b5a16a19ea47a4027261d97cb425
Path2/Path2FiniteN86Shard0026.lean	e56380e303a0b45b72abaa70f0b89fb8e2c3b252a8a2658a01297de2067308b7
Path2/Path2FiniteN86Shard0027.lean	2f33e824d5d267514e32af81f60362d20c21869fe10a379d41b92b0b94a3b289
Path2/Path2FiniteN86Shard0028.lean	ddce512e5b6835997e1052528f159346cf004d2b93eeaf165914d388dfb5b9dd
Path2/Path2FiniteN86Shard0029.lean	0342519f05d46b9f0c648422b3e361503c10c5fdad93092e16627cf754808130
Path2/Path2FiniteN86Shard0030.lean	9dc9ab9fa0469467902ac52ef3ff9b017726ead66ae903975f79da512f10e8a0
Path2/Path2FiniteN86Shard0031.lean	f610bc1dfc6ca17ff2fea820a301a01c3339cd3bd19f41b91e72b09afd0fd484
Path2/Path2FiniteN86Shard0032.lean	43cb01a8a2818c7e52b32ecf6691d595b7b5e08d06bd2e19e2e92187e37aa895
Path2/Path2FiniteN86Shard0033.lean	a0afd2fcaa73c97a2c8fa79bccacd0cce23ead6365ab4c21c4370387d8432bd2
Path2/Path2FiniteN86Shard0034.lean	4d4b0d8295715f534d895702a20ee5e097582f8bd139af6a235f2027d8b7f5e0
Path2/Path2FiniteN87Assembly.lean	f73e49bdbe66e14c87367f9e6be66c093cb57e242ee49bda744aa000400458cc
Path2/Path2FiniteN87Shard0000.lean	e7a4ae064709ac598a091d92f27eefde6f32ba2ec97a45127f9439f92b816797
Path2/Path2FiniteN87Shard0001.lean	af90ac76dad78def3ba1dfaea01d858d97aa9bb5bcdfb8b707cee1c08d4d06a9
Path2/Path2FiniteN87Shard0002.lean	b5265ebcc6d91864530f6d45a6d6fe94f07d019241674e984e41bc50dd485596
Path2/Path2FiniteN87Shard0003.lean	05305b5dde955a1dcf2e3d2b0f56b95f72b84f450e46c076ba789d0f0267a832
Path2/Path2FiniteN87Shard0004.lean	5a0eecf2acc5a07ae7a37ffe773c16aac05e6b0357faffca8ab2a628e20e5ce9
Path2/Path2FiniteN87Shard0005.lean	2531eee1460d31ca98c339fe4e3950206a926769d040c4ca7b3b9c42c392d7a0
Path2/Path2FiniteN87Shard0006.lean	731820a62b6168f03668e5a28fd3fd612f46c7ae65ca6c08fb30fee6df968245
Path2/Path2FiniteN87Shard0007.lean	754c660e3b5265f1751d49feb532623f774e319d6edd6818c170a4af3f701e53
Path2/Path2FiniteN87Shard0008.lean	44d4e2fc01e93183e64e6f4e6979674c389080d37ec625985a9cadc3344c9099
Path2/Path2FiniteN87Shard0009.lean	b9d56b408d5a3f90b85fa192156fd70bc07f9773d692c7c6818a28780a29902b
Path2/Path2FiniteN87Shard0010.lean	7a8ba8b5d2ba9d00ad8caddc4a2201b30d922865323fa6e8449d258c8bebd932
Path2/Path2FiniteN87Shard0011.lean	95356e4855f1a01e266253d9fe9cdf92ec0cb0dd1e6c65c418fa5eb9588e5465
Path2/Path2FiniteN87Shard0012.lean	5b83c52ca798209a21cd715ec6c9108ee931b24709c8bd0de0e2ad35dfb2f206
Path2/Path2FiniteN87Shard0013.lean	9dbfd1fa4ab9aa99832aacf5ee5a49c0f05beb2cf73ecbefdbea39f52a11d225
Path2/Path2FiniteN87Shard0014.lean	81ff51974950987979b3e1fcc9c83c4c57ee63ee33815c3af8774bea7718274f
Path2/Path2FiniteN87Shard0015.lean	70253c2ea1673bb9fa77bb8e1381d77dc98838aa416d56a38f9813e1bc45298e
Path2/Path2FiniteN87Shard0016.lean	8793186764823d7e1d4faa438fd41216b696c137937c14487ed17fde0ef080b7
Path2/Path2FiniteN87Shard0017.lean	9053dcb7d2f71901db2ac68276a9106e0d586012dea2c15fa62ba7b1c1ce1c04
Path2/Path2FiniteN87Shard0018.lean	7a342487a9859b090f0e79b7cf4aa349b42c11e8c69ed3af84b5c457d09bdbf8
Path2/Path2FiniteN87Shard0019.lean	e2f28488bc481ec19637893b534d558a9214cb8cf5a826a711f938b163b3a150
Path2/Path2FiniteN87Shard0020.lean	98329cddce7767a9572dbbeff339adf89d78f717d138a203a3475e5bf888cca1
Path2/Path2FiniteN87Shard0021.lean	e8a07dce92731d06c8fdbceffa606d45bef9a09de3adc59d62abc33dd4ba8291
Path2/Path2FiniteN87Shard0022.lean	1cb3b3625d1d30aab9360277639fcf9f1ce0e13c77eb6b02ee5072bd5187d1a2
Path2/Path2FiniteN87Shard0023.lean	a466c054d82fa8695b3059bee10e729378476ee870b0f8035730c606445f4742
Path2/Path2FiniteN87Shard0024.lean	d241a63fc0f2913413b41ac2728388fb6829f9042f8f750221265fc2bafb8d2c
Path2/Path2FiniteN87Shard0025.lean	a4e00275380c2044ec2f6d8fc3e2cb00e6d0972dc12e102a19bebb6fd1b9f2bb
Path2/Path2FiniteN87Shard0026.lean	000b81498478aa5c772ca8eb8ab51d8976f9b40fa830240eae86a28daa043117
Path2/Path2FiniteN87Shard0027.lean	2aac16f98698e30d701d8eebda74dfa187505007e876c71de69b38cc281ba903
Path2/Path2FiniteN87Shard0028.lean	1e2e77764a14b824acbf1c48a1b7679d411c478e5350de94aabe0a402163659e
Path2/Path2FiniteN87Shard0029.lean	6253f87c25074510d6e9f3c7b5da5a1462acc722e6176c4b30266a044e31fb2f
Path2/Path2FiniteN87Shard0030.lean	c2dd6086f39adfa9e296a47f014c052f42a3fc17c9d3c4a800d913347b3c005c
Path2/Path2FiniteN87Shard0031.lean	6ffbddb9548379d520cb6c2da7155ff6b057198d1e644e3430b632114f7623db
Path2/Path2FiniteN87Shard0032.lean	65a6a46c4f5af17447a08285e2c368b67b02afc60d72716716477ff751cca2c5
Path2/Path2FiniteN87Shard0033.lean	b51c2a647bbe4c2f51522fa0cc5eaa97755a3de1b07ea4f2702d459c93301886
Path2/Path2FiniteN87Shard0034.lean	11f1662b146809e67baf73e20746fec26759df7d6677e89993de5d8f77bef70a
Path2/Path2FiniteN87Shard0035.lean	c1eed07fe6dab1d7dc490d1cbf61d8348387446e80d95f779478112e7805fedd
Path2/Path2FiniteN87Shard0036.lean	a416e7e45ea46f77f2e183a4cd37cbb237f5aee9a9585542891e70b586084fb6
Path2/Path2FiniteN87Shard0037.lean	29573c393edf460eb8f5d9760d3ea68a806c5d7a43281915993a34c60363f254
Path2/Path2FiniteN88Assembly.lean	0a77d9f732f1d9526e32e7fa97505c42d378882df0ce016d2eb9edc84e9cf39c
Path2/Path2FiniteN88Shard0000.lean	b11e7083b12c110d7612d5f7cb1ebba7f51338eb3a91fb23d5611f13c2b1a8a0
Path2/Path2FiniteN88Shard0001.lean	6ac7e9f1a88df4895d23ac7c33b16304386b87ef65031aea3c6ac6a7d40591e1
Path2/Path2FiniteN88Shard0002.lean	2909696aa49d5cd1db4d98f8472d1e7bd7b3bade95927450ab68fb23d90d982d
Path2/Path2FiniteN88Shard0003.lean	24a309ad69271762ac1932c542afa04945f444d5ca81be96770e20d02a1af6bb
Path2/Path2FiniteN88Shard0004.lean	c22cae6e79fb8d2f14d4fef8e82904bbe0d2df36bfb384ab2335f9caf53eea3a
Path2/Path2FiniteN88Shard0005.lean	a22b7e8d5932b5d96eb9f37aa17a0b8de2208d9744a040f62af699998880c9ee
Path2/Path2FiniteN88Shard0006.lean	0c395dad10298f74fcf64747ef1f3fadb1410639f03b25d3647a53241d3b4795
Path2/Path2FiniteN88Shard0007.lean	b0e84f4173144451a0a591f36010ef77ba0b0d786c0aaafe79601c8df60c187d
Path2/Path2FiniteN88Shard0008.lean	45ed130ef59d56f3b29cd393920a9b4df37e90f08e5eb57acb6bf5cf6e8096ec
Path2/Path2FiniteN88Shard0009.lean	e50d2d34580799bf0b69b6a47e1a043851517443f2777f819232f28673d5bab5
Path2/Path2FiniteN88Shard0010.lean	4f46303d5a8bef0cadb6fbce6157c8608f6af287bc6b69a1202031916bdc319d
Path2/Path2FiniteN88Shard0011.lean	2edea76e3e1e345747bb8548f21536f03396eb6a1bdf951a6213142f839f137d
Path2/Path2FiniteN88Shard0012.lean	2d9373c61efbcb4b430959c254cb093d06bcbb006f027ec87bb304e0410f748f
Path2/Path2FiniteN88Shard0013.lean	f841aa8f3513a2eae6401377e967e31ae74a72b672b5639501591866eb9ba532
Path2/Path2FiniteN88Shard0014.lean	9e6df9550e288807bb49b3ac173323bc4e94c3b0d6aba1935d184c3eaad4431c
Path2/Path2FiniteN88Shard0015.lean	572f8735d110f5882ec3d841a78c1ce51a6fc7bb2f72af5dd4799037956ec176
Path2/Path2FiniteN88Shard0016.lean	a1e8c60e5bdce139247a288befb585be027918ee9de883e31904bf76bf607e44
Path2/Path2FiniteN88Shard0017.lean	e86789bd4521e6fc514bb783cfea4131d9f41704199e33f06cd2d28be648b61d
Path2/Path2FiniteN88Shard0018.lean	2e5d7fdb12d85490cdf15ab146769713608d3ccfcf19417cabc394fad84b6b57
Path2/Path2FiniteN88Shard0019.lean	5a8a798fb83b06e7b46a43b857981842684b146cb3ed2f0d5158ec8c01f50c13
Path2/Path2FiniteN88Shard0020.lean	31fe1d1d44fb6c6901b94200d6ffda3f39388ae5fc22a403a99fe25d93103c34
Path2/Path2FiniteN88Shard0021.lean	0ed764bdd217baf4e94ba405885be6124444b8571065cd8b9fcd2201e80cdf67
Path2/Path2FiniteN88Shard0022.lean	b1de072c44bd25ca7ad63ff5eb86f9d19cff1561723b05ab35b28078b856b4db
Path2/Path2FiniteN88Shard0023.lean	996447f0835ed03c1fe869a55f1b6a779f6507bb5e1f14daaac2a308793fb941
Path2/Path2FiniteN88Shard0024.lean	a15b193eb3551c92704d20da3ccd2207034001f4ecb3ae64f328cf4da2822bed
Path2/Path2FiniteN88Shard0025.lean	734d1bbf2d3295efe4b767f089fd44e6c6d94fc1fb0da93ab060b72bb58e5c1b
Path2/Path2FiniteN88Shard0026.lean	788a4a1fa9cf9e8f40a1f89c1ab30e1404693b37dff85efedf05b9742354ed9f
Path2/Path2FiniteN88Shard0027.lean	54cdcdad552b2b3be21e25be612fce391cdabd1fee63daefc061c057d285d86a
Path2/Path2FiniteN88Shard0028.lean	bdbacc7ccfb196f146106ae452eeb93e36059b998de5d6d338007e7a9c0c2216
Path2/Path2FiniteN88Shard0029.lean	277faf2fef096fdf391e7733ae12e243d58608e7055c93912a2c3d47b3a1d788
Path2/Path2FiniteN88Shard0030.lean	1c87ded6a4b1ee1983bf8aee041744f72257cb56552e6fda5ae1af37e1b50a8e
Path2/Path2FiniteN88Shard0031.lean	108aad487d40d91705fd6d939484e7327a989fa160306dd6bbbbd968a5f4a52a
Path2/Path2FiniteN88Shard0032.lean	cbeca378d3fa5f41cbeb1ec8c65d1139bf6fc9152cf3c217bd023a2ed71a128a
Path2/Path2FiniteN88Shard0033.lean	36b32c7739a4d3c8d14d26c5ad0b4de30a88e085eb2b2539f43b891f0d3dc9f6
Path2/Path2FiniteN88Shard0034.lean	5ea814322928c2b21fbe296d247333b8448f7a090db2482dfd3ba67379aee242
Path2/Path2FiniteN88Shard0035.lean	a541557b2896b96ffc7e932ce11787c466a0677aa1adf6b0824b306cf1e73c6e
Path2/Path2FiniteN88Shard0036.lean	0aec14ade9f2c6c3b52b4d3384a8f5ed1c5ab9503460b484378b399faabc6d44
Path2/Path2FiniteN88Shard0037.lean	96e25a34d83164938598821e617946f06d4d5a78d7f0dca68e6bb3536272c0d5
Path2/Path2FiniteN89Assembly.lean	f5c5e411470b671c6634b411ba3b89462dd2e8174bd4d749dc48f1fdb6927f5a
Path2/Path2FiniteN89Shard0000.lean	514d8df56fe1afad7c0cc1a7639705905f77cc561b0ea322ec79425ee1b53d0d
Path2/Path2FiniteN89Shard0001.lean	f2f257d6d281df405bb7465c0e1ba81c91149782d6c9d9f15869f306b6c1721f
Path2/Path2FiniteN89Shard0002.lean	dbf28572b47c8e29ef63e9c8ef6fec4cb177a360cd1b0e131e44d3a4e67be4de
Path2/Path2FiniteN89Shard0003.lean	03dcc8ece1cb54ab219e4568f3e76d5dcb8ec937b2f6aafc3ae54115e50c2376
Path2/Path2FiniteN89Shard0004.lean	c47c387becf81c91e30b624a0e980d62370df9d7b123ea4808862b39a31a297d
Path2/Path2FiniteN89Shard0005.lean	fb2c3b5ac2daf28c7fb4cec2b73b2013dbdc80f72f878cffc52babd9bc919490
Path2/Path2FiniteN89Shard0006.lean	15ab7cc69f4c51dd9e1ba81d65c180b897fc42cf19c6b29d49a3376fe7d179d6
Path2/Path2FiniteN89Shard0007.lean	1bbe8c6364ee731cb88d2f6513c2c3d55958805eba4adfe7398e485c7a8a90bc
Path2/Path2FiniteN89Shard0008.lean	e7918b7c9441434e9edc4f0d50180ad8d8ec4dec95873e000a356711b5c62f42
Path2/Path2FiniteN89Shard0009.lean	ae5d5e443c4c2f77aa1b57681a76e7c44c552f8a2bdf16bee57ce63477ff0695
Path2/Path2FiniteN89Shard0010.lean	b8155c4c11007e0b2fc6a55fc7f9e3f4d0c6dc66256a269df6aae3c4897a08f0
Path2/Path2FiniteN89Shard0011.lean	6ecc44aaa45c9b8e1e9cd9ea4b908a4bf85593f8dd1e14ed25848b137fc21da1
Path2/Path2FiniteN89Shard0012.lean	8cd615d4d7380f76b9cf1e3455e98ea0294a7f834371add6ef6720a5b214b8ec
Path2/Path2FiniteN89Shard0013.lean	1590b7d818c3c256efa7360d8f1231d8bf179b769b540136a6006bdae0578cb9
Path2/Path2FiniteN89Shard0014.lean	74565188075ea221095b614b70dada264bd409fe54c11941dacc695c84c6ffc4
Path2/Path2FiniteN89Shard0015.lean	b1d8b3257d6f5818ac885f00da22748653fb88b35d066f0929344f6d141475bc
Path2/Path2FiniteN89Shard0016.lean	0b9ca2a30bc284100d6dc2d0a499c27b509cdfd8f5526b21baff0f2d1b56628f
Path2/Path2FiniteN89Shard0017.lean	a181391d6fd2385d51791183fdab9e6e73b3ed8a825daeb11964e8149181e5ec
Path2/Path2FiniteN89Shard0018.lean	080ef625bcd7b3928d74986a0374a042fbf70512bd7c413b415e5b03698d1bd0
Path2/Path2FiniteN89Shard0019.lean	996724e8392044ddd108311a06f3dd25e10ac98a4e3e2875f2c2cf1c5ba826ad
Path2/Path2FiniteN89Shard0020.lean	26ba4c23f965d579ceabdef0ec0f43b4e540ff5f2949fcbc88def3e2e17738aa
Path2/Path2FiniteN89Shard0021.lean	d75bd0634786bdabd6e2fd157bd9003abd61b3be3c4732961bcd4958dfeacda8
Path2/Path2FiniteN89Shard0022.lean	1e89f435176b7561509d377d7b39e524d8dd5f4ba4076e79dc4907693845dd05
Path2/Path2FiniteN89Shard0023.lean	53c50da82919f44ca5df25dcd3a008486a1ed621c4ab5527e06333ca3a5557e9
Path2/Path2FiniteN89Shard0024.lean	b0ebcbcd03cdb59da10320aaac23a760b537ff819636ce9fcf12effd6288ea5c
Path2/Path2FiniteN89Shard0025.lean	85ab25907922e52e79e168dfcbad02834692b5b83251512326c204bc1975ab23
Path2/Path2FiniteN89Shard0026.lean	6d354d02c470befab49af640342c8237fc56d39089e3914d8a0d2e9c1e76c6eb
Path2/Path2FiniteN89Shard0027.lean	ada85b56c45290cbe990490ba3224db494b566d8b382697d991f4d31b58ee2ba
Path2/Path2FiniteN89Shard0028.lean	57616c184bc6a1c02c240111bbeb5e651233ed694ca07151c84a999e08f5e288
Path2/Path2FiniteN89Shard0029.lean	f5f3a7dcd2d67454ba890854ab6aefdedbd06c633ad6a5ad16124d92d7249137
Path2/Path2FiniteN89Shard0030.lean	1e28d88b7976f1a340ad314b432df7d19cacfcea0e1f306641aa07b7ef1346a5
Path2/Path2FiniteN89Shard0031.lean	27b626ee2b164728f2d4627c287e169f993d522163344a31cec9ee13eee8e142
Path2/Path2FiniteN89Shard0032.lean	7d743965f979c94391b304cac223597660a62b30dcde35db20e595fe4dc478cc
Path2/Path2FiniteN89Shard0033.lean	bcbe41c2233968dc8405b051d537d6279ae6659b8bb3f24e843b8af835ca253c
Path2/Path2FiniteN89Shard0034.lean	bd294dae545fe94e794e89206f371806700129c25fa9b56e1d12dda61929f0d2
Path2/Path2FiniteN89Shard0035.lean	16fa0042c4e970b01549d6921ae782b6613f0d84c4953775c4cf993270969b94
Path2/Path2FiniteN89Shard0036.lean	007d2f3085e05d069b8697e8f12ab8cd99581576d60122a0b210f057073a5911
Path2/Path2FiniteN89Shard0037.lean	f5006ce0abc88f5355911a5660a27d7ce09e7ffbbc2f82dc32ffc24dee5a2ee9
Path2/Path2FiniteN90Assembly.lean	82a23efbd8c1e23ea3f2cc4bdb6a058366251743882e3faf529b9835f4d5a51c
Path2/Path2FiniteN90Shard0000.lean	f5ddfe2e20ac0feb85f18b68221a81d39c29132cc75bcb883038312ff3200f04
Path2/Path2FiniteN90Shard0001.lean	156a95deef87e71d9072ca6edb5eb1fbb3667772b2690adf583544df620c6fbf
Path2/Path2FiniteN90Shard0002.lean	90db10add74a23a4addee0760d82be32c320c6d10104333def85739a32bf6093
Path2/Path2FiniteN90Shard0003.lean	da7c0fb6ba4df73257460853057b54c11c4de998ad96edc4c67dc108badb97be
Path2/Path2FiniteN90Shard0004.lean	6a3d3be039ac8eda838bcf3df8e278af0dca83d3cb2c582a9dbc0c512182d5bf
Path2/Path2FiniteN90Shard0005.lean	769f58049430238c5d38efd7309f7b6a6ce2a5c27da51df0d2f961c9d51c90ef
Path2/Path2FiniteN90Shard0006.lean	1485ed77e54a7e59a3c2ba6b6c627cec7c4d70d62ba1a88c582bd211a902fffe
Path2/Path2FiniteN90Shard0007.lean	02c2b37305334124d0d4a485119c093508e1a58041d11a1ebbc7dd8e3fc1c1df
Path2/Path2FiniteN90Shard0008.lean	67c4ab8ec9390ac3fb56d19e32a118de747df842f9e18ddbb43bb6d3edf5e3fd
Path2/Path2FiniteN90Shard0009.lean	cfdc154686bb4acbe5be4495f67904eae5b9e9cfc2aacfb49aa0687863110b58
Path2/Path2FiniteN90Shard0010.lean	f3fb01df2019ebf930072004796aa8baff362f2a2c164a5ea0873df61f9a6dfa
Path2/Path2FiniteN90Shard0011.lean	89b97378553f4d21232250e5a17499042c540084aa2882056868ca86065af82e
Path2/Path2FiniteN90Shard0012.lean	294816f205e1605f5341dd997374b6b2c64a1c75e9cae0fe994f6d0dbeb1f3e6
Path2/Path2FiniteN90Shard0013.lean	9945464c8cae7879c4a19c52e38f62cbd1059c0cee0b43d1dc7540e220f77913
Path2/Path2FiniteN90Shard0014.lean	0110bc157b9e12a51b22cef6e398aa4df305d0d4a7b3cca751ebfeb2b1fd6467
Path2/Path2FiniteN90Shard0015.lean	d8e3e45656dc5ad7c979bd6fc577afe75b76660752843f4a9523d9da46acccf6
Path2/Path2FiniteN90Shard0016.lean	fb0a3c3aa75a668c784ca4c0acf969662d77d8e3fa0d5b6ed6eb48036173c310
Path2/Path2FiniteN90Shard0017.lean	e7dc6153f0942180dd7a02197a284c8aba899f0c25eddd852e35f41214e99574
Path2/Path2FiniteN90Shard0018.lean	99c260ae4bead188ab5b2672cf7dde742f3aa612cbf1e35875882c364253b535
Path2/Path2FiniteN90Shard0019.lean	408294ec3a9e9fb8ff8b10bcd1a39fbf688510ff9ef5b71cd1c7a24867c02ddf
Path2/Path2FiniteN90Shard0020.lean	43e7ff435082d51dddb874fcb25e550d89602416c3685d57651476eaa4ddaff6
Path2/Path2FiniteN90Shard0021.lean	6fc080c37260915fa6bac6f782315ec6775ee42a2a53b76e51adc4cf67c81a74
Path2/Path2FiniteN90Shard0022.lean	4efead06e3a329fb6b7c06c58f68429f7c0b58f6eb549c503383405a7b996bcb
Path2/Path2FiniteN90Shard0023.lean	bf584f5e4d9738b1b31037ab56052f4ac59393244ba94850929ecca1f6d31d19
Path2/Path2FiniteN90Shard0024.lean	429960197df09067ae26013cf48b618ff7acabafd6a6e276474c78303cc95b68
Path2/Path2FiniteN90Shard0025.lean	c72b7c57dafdf3f3a5cfb0d6d0e4a9b60057b3f1be57bdb65b13cb8944425f4d
Path2/Path2FiniteN90Shard0026.lean	9e83554da8974a315e4c6e335e1256b2ef3e0a4e55d3d9446e5c8bd624fe7b17
Path2/Path2FiniteN90Shard0027.lean	a42365088d757702186c1c7790701735e538f448e3311d0013aba429de3798cd
Path2/Path2FiniteN90Shard0028.lean	18c7c78674e23fbf094045332f1e1ad43b1fbebd6397e00dab4484707e9977b3
Path2/Path2FiniteN90Shard0029.lean	4a19bfcaed90fb3e16ce20e45d3e97ea3322f86491ded2fb82732aa4f4ec7b2e
Path2/Path2FiniteN90Shard0030.lean	e0be63df3356546d2080b205b89fe035e471d113d2e5146707f004116a8cf3ce
Path2/Path2FiniteN90Shard0031.lean	01ff0bd00f5fb931fb30da09e2bce67fb033f8ffe0c96f61ade2d3d166a980cf
Path2/Path2FiniteN90Shard0032.lean	593ee09b1e0afea021bc8a445372407b045bb27c5e7fd588b8e4c5662499c4c7
Path2/Path2FiniteN90Shard0033.lean	7a1b3cac727ead87319c8fb20ae89d6eca4e44bd83a834d2f3e6615281d31a32
Path2/Path2FiniteN90Shard0034.lean	7297e8b321c593a0e8cc35daf7971b4d2c33e27b6f052983fca3057e4de58eca
Path2/Path2FiniteN90Shard0035.lean	9b0aeaa0f9fcb596cab8966d1797797d504e3b5052276ebbc0cab975690172b6
Path2/Path2FiniteN90Shard0036.lean	882bb5a8e1a007ebdc1e7a7fdc3c1d8482f7092630fa6bd0cc5162600639f80a
Path2/Path2FiniteN91Assembly.lean	f974f19d02ccb002bf863b9737dd138821f00907ab9b3b0bed3c0cf08c044de3
Path2/Path2FiniteN91Shard0000.lean	e378a6e8af55cb9c1aeb34dc2d8d87607c8e82134fad71a7208634afed2c7625
Path2/Path2FiniteN91Shard0001.lean	951c6aeb74eef8e5b9dcaf26902d7b659e10f5f29fa39d9d9fdc0b208403e075
Path2/Path2FiniteN91Shard0002.lean	b6a8f00dde3e09942206f525b406a6af2bac28e9f868b80a09687722e1b4e97d
Path2/Path2FiniteN91Shard0003.lean	344938d3e46337828e0cdf5d895b8c046235d5b9bda65e2f978034c60a7dfd09
Path2/Path2FiniteN91Shard0004.lean	c886ed9e88020fc43bb0c0a245e4ea06ec749966cce861552a132c6ab50087d0
Path2/Path2FiniteN91Shard0005.lean	96554770e27c1d9e9c2c2c88b22e80c09aa9da9dbc05ce90285bb7bccbcaa484
Path2/Path2FiniteN91Shard0006.lean	ce7fd68d640650cb459bac81760388b50b933cff7656339ca0d7bfd89e5d5715
Path2/Path2FiniteN91Shard0007.lean	642025173579cf6e33fa6624b7bc401ab2d7893676c606f36abc4271ed0fcb40
Path2/Path2FiniteN91Shard0008.lean	717a79dc070316afeeba73117a3af1ee674b8820f0cc06b632dc166a51849a4c
Path2/Path2FiniteN91Shard0009.lean	cf259510161f3cbe435cdfafe94b68e0dfc5f1d0bd9b2b84b73b6524c7889c9a
Path2/Path2FiniteN91Shard0010.lean	7738a64cb0e0e3855ebf3d07d08c507bc5cb4c7c72533f3fceb8015232f40926
Path2/Path2FiniteN91Shard0011.lean	0be4d4f22258bc77be05aa45827f606b0913ae21954bad37bdacc1f5eb021c9d
Path2/Path2FiniteN91Shard0012.lean	20a46b0e303ef83606f77e3569e34ec6719e866ed7b2d96e1481330e131d0b14
Path2/Path2FiniteN91Shard0013.lean	4f4f619a086b239f9032195abced6916d00e7b63f8c9275ab02cf46b63cc6b03
Path2/Path2FiniteN91Shard0014.lean	5b14a2080e821457458bbc1ab0f7481849abd03e02bced39f3c27f05ae1a815a
Path2/Path2FiniteN91Shard0015.lean	11653a5d867b137f27468e7de29c99f32adeab75b6a460b8ef10f2cd7cc28fba
Path2/Path2FiniteN91Shard0016.lean	514e06d236d8e0ac983189cca82fd440b817fce65d386b7ebb9408e8d12c2299
Path2/Path2FiniteN91Shard0017.lean	6f042e36f00ec5d3bb96179c92dbbefcf607553916a2593dd84bcb694885c24f
Path2/Path2FiniteN91Shard0018.lean	fa1990aae7f68d9f4ed2abb62c83513c6efb0bd218ae41df62e6cda59a995d34
Path2/Path2FiniteN91Shard0019.lean	c803e764e1c2fc4d2531021d31c82ca3d7d598f37ea17d6090af372b83d38213
Path2/Path2FiniteN91Shard0020.lean	0c940c9221660863273abf8426db0667cad0ecf0d66d839189230005c7422755
Path2/Path2FiniteN91Shard0021.lean	f42dd8a53884cda8a134acafd337192ec08bb4e440f3a80aa3c65221a0ae9b92
Path2/Path2FiniteN91Shard0022.lean	c860e8f17a034388b8509ad9a401a33aa84ac449172ba4725de39bc55ee83a92
Path2/Path2FiniteN91Shard0023.lean	e0a1e9a40aa59c6b27325402d46fa5284ceb4c87eb914a7639c96de75b329fd6
Path2/Path2FiniteN91Shard0024.lean	eca59c651b00ce70f63bdbbed67dc8f97d2baa5bf215e4589f8996d80bedee25
Path2/Path2FiniteN91Shard0025.lean	25382a571b0e66bd40c05bc8f77ce0c56e7f9c9d0b1903d922bdfcd648a4c16b
Path2/Path2FiniteN91Shard0026.lean	9a3378231ec9985184f92fc7f39d481888b7618b045f4f69b69929cb907a98b4
Path2/Path2FiniteN91Shard0027.lean	b23a9fb179f2c11e26f9eaac4b23b4365e6d5d08348809c4dc9ddb0a2853d9ec
Path2/Path2FiniteN91Shard0028.lean	15e17ac8d4fb01bb5a01aa78c312d51249440877c14af0adf5d1bbad5843a74c
Path2/Path2FiniteN91Shard0029.lean	fd22190f0c922a5991a4b9f8ef6e65f023d82ffd5c74a1027a63954059fa6e61
Path2/Path2FiniteN91Shard0030.lean	17ad3f16fbc72018b64fdd8d3d8a48efe6e4b72abecb9fcf18e6612c69688a1d
Path2/Path2FiniteN91Shard0031.lean	6bb2c7938808196bebd5a25ea0aeb9362fac9ef3bbd151ebe9b1dc422bf23f7e
Path2/Path2FiniteN91Shard0032.lean	4cb668f1ba9e38e1a9bd921a4fe6f1853bba17cf2b3abe67eb34450747985182
Path2/Path2FiniteN91Shard0033.lean	a30e572d60e90a827327764527068bbafeec3bdbe0714d568d8f3309b18a4ffe
Path2/Path2FiniteN92Assembly.lean	833d3d48a053a80134b6f639afba0fedb7da4f3ab0a7dca5e2ecaa382ee859e9
Path2/Path2FiniteN92Shard0000.lean	9f1a12e3054d01da9fd699b75ffffc9c7d160aedd965a023b6a9ae6d410e4864
Path2/Path2FiniteN92Shard0001.lean	6c320ba6faa951bca7bd0215f5456b9c66dff24f39faaac6023deeca11ff0112
Path2/Path2FiniteN92Shard0002.lean	d5f65a4b91ad833f9ae2dd5412f9bf49097b3ab131d786128b6f9daca2e071fc
Path2/Path2FiniteN92Shard0003.lean	982afd6bf8a5093aba626ec1023453e8100cf2f6210220836ef7e4e29e987abb
Path2/Path2FiniteN92Shard0004.lean	2852250ad3b4ec9c69110108c590b8ed73e4a02a1efb566ea213a188d97ddfef
Path2/Path2FiniteN92Shard0005.lean	31483938dbf8d7857fe6cd35c91f8318ddd4d27c2c86b52a417c3901ed58d144
Path2/Path2FiniteN92Shard0006.lean	b1a369ee2fd6850e9353ce827df8c761702efd781c1634281b7985db754e2c72
Path2/Path2FiniteN92Shard0007.lean	16b102a9a3ab4a37c6045aa882446a6c079221d440befa089fd65c8a4f359e0f
Path2/Path2FiniteN92Shard0008.lean	6969ae733de35591cd9005a5b6eea5edfe6a8920d607124cad1f51416a7c9576
Path2/Path2FiniteN92Shard0009.lean	c3e47ccfa8400ce4d54eb1bdcd9f5a29fb90b00e37cb4f9b64587465a6dd484d
Path2/Path2FiniteN92Shard0010.lean	fcfa9ef3e6c63de22270d25b2aa041f06498b99b15c125f9d13716a5e7b910f6
Path2/Path2FiniteN92Shard0011.lean	309d95c424f82bf85f1e53de86cc591babf95b71e4da8d3f7dbd72574dad90c1
Path2/Path2FiniteN92Shard0012.lean	205bf8e9905dc2e1abd2ba181985da3bc23aef5902bb0e51eb73f266cbe14b4b
Path2/Path2FiniteN92Shard0013.lean	a979187004f253ff24e20e2292f341a0c67ff5d459ead2ea60f4990be4c67637
Path2/Path2FiniteN92Shard0014.lean	076804bb51d91e88de185763d9422222b5ed6736d82e15c2ef9d5676f2e1d084
Path2/Path2FiniteN92Shard0015.lean	f271ec7c5b8b0257abc79a8be88d40456946ad52b725677b5ba294a0c6b31aa3
Path2/Path2FiniteN92Shard0016.lean	09be6624222348fe82e8d38f29d6210ed52a582f276e57dc9aac71ab3369499e
Path2/Path2FiniteN92Shard0017.lean	38d381de154baf41973c027b19263e6623b73b9857d816eddf114582494e1271
Path2/Path2FiniteN92Shard0018.lean	b0479c7d178ae97f2ca0447fbb77b625d7be549e0a0f10c7129cfc8f1672f3c9
Path2/Path2FiniteN92Shard0019.lean	91b14358b52f9698cc521d5e97e173f693477f00cecbfcec3eabacfdc7cd5b95
Path2/Path2FiniteN92Shard0020.lean	b451a811532cc493cebdc422b65aa20b06392801cd4f4cd03385a8ed43343384
Path2/Path2FiniteN92Shard0021.lean	02be7501954b4f995c6d4752cce8972aef7f05ff1ef94a394ed3da0923cabb70
Path2/Path2FiniteN92Shard0022.lean	1745f77bb8881882d2ec965ff3b7c2712d3bbbb92c00138ab2af9190e5a3e029
Path2/Path2FiniteN92Shard0023.lean	22bdac989cefc873b7e63b246d7873963811e8235c2b23dbec741e12cc0e54a2
Path2/Path2FiniteN92Shard0024.lean	fafe27f6f9fb222a633c57c4609ed7379634f24b29f5f1a6d874898edb3e409b
Path2/Path2FiniteN92Shard0025.lean	8a1b7a0420e9cbd4cfb4aaed20f0b359246b3421f057c37129826c87c6690620
Path2/Path2FiniteN92Shard0026.lean	b15e80a12aaf5168504a7b0282fa68d9f4966b95c255cb2eb590ed0a435af1bb
Path2/Path2FiniteN92Shard0027.lean	6b1ac53047437f3cf01d2b93274e1852aedd5319327033f6650e3fc68a05748f
Path2/Path2FiniteN92Shard0028.lean	07374606dc9a2cbc6f4d11b841d4e982abb881fd51a86d2e8bea9f2bc64e40c7
Path2/Path2FiniteN92Shard0029.lean	a01d058318f66ddf216dbf7d994def817a98c42982805187814db5db50c7b9a4
Path2/Path2FiniteN92Shard0030.lean	cdffd862c6382dba9df1aac27d6e1fd2bc2e3e7eaa97c732156d14e9a1d5ed47
Path2/Path2FiniteN92Shard0031.lean	53c0412c537a47440a88498e3bddc7d4de3470c709f88925e928345660c4ea9b
Path2/Path2FiniteN92Shard0032.lean	0cb75fdeba533c105575bdadf08b847b84a4d31d08ee0a94785a6fb012bb680c
Path2/Path2FiniteN92Shard0033.lean	0891449520999b1583f59515639723c87a5d006e1e025ce0ab8b8744e1ac0df0
Path2/Path2FiniteN92Shard0034.lean	6e707a7936ce957fe4644fd013bcd8de2ea921033ccb5d35e5b93c05e6128ca9
Path2/Path2FiniteN93Assembly.lean	3956a8083605e5caf5996dd61375c2dd0b32beea210d1573044081ab37826bfc
Path2/Path2FiniteN93Shard0000.lean	51cfcb3a0a5faf4eda30f0fdaba91632e3dfabdf8dac68e493ddb66fd40c4b07
Path2/Path2FiniteN93Shard0001.lean	b98787d51210510fd0bacec5b4d88f293ecaa0d058d8be7b9690bf6668f7c936
Path2/Path2FiniteN93Shard0002.lean	103ba1bfb123cd5c483d1e2e69b22bc84ac636b62d027ed80a8e35678d54f182
Path2/Path2FiniteN93Shard0003.lean	7ceb0eaa92e9a06d1ba37c68a8597efb2c90e0f49ab0ae2a460bfa527075cc61
Path2/Path2FiniteN93Shard0004.lean	9ce389656c4e5e4fedf057eb66a2b0ba7a226c0d024b9652db278ec7ca470af5
Path2/Path2FiniteN93Shard0005.lean	b69411fbd8640c16aa777f183fcb534bd0403455ec5abca14040d00b628938ec
Path2/Path2FiniteN93Shard0006.lean	759265d19896aee19900ee5bc502a47a8ea73be005048a5216e33c8749ab3447
Path2/Path2FiniteN93Shard0007.lean	a7678dc28f9565455077b93d1a6270a2842baae9df331fc7032ed88d9724a000
Path2/Path2FiniteN93Shard0008.lean	6d756abd8a4ef5a9b010fba4997013f34ab470cab5ae5e9c3c0c95978da9004f
Path2/Path2FiniteN93Shard0009.lean	61abd5626904b4e6e10c29a0119217cc2364b18b723b14f9f22a7dc84089ce26
Path2/Path2FiniteN93Shard0010.lean	9b1df272c361a8eaff54b7ec72999be08596ee23e487eec0c7e0799c39bb839a
Path2/Path2FiniteN93Shard0011.lean	157e8e452c64c9a7ce0ccdb81b23babf1eeeb3f02883e870222a771620d9e6a2
Path2/Path2FiniteN93Shard0012.lean	acd9a9b45cd1b7291ae63c6bf02dc2520c128498deb1db0b863a9b12b6fefe6a
Path2/Path2FiniteN93Shard0013.lean	d7899d2a5a6e5787fba9df77e692561c2b18cfe67d02db647ffdbdb5f22723fe
Path2/Path2FiniteN93Shard0014.lean	f06e6886f8d09555360d2febf41b53ca4065d0202c899916c6250621a72c61ce
Path2/Path2FiniteN93Shard0015.lean	b9e0b48cb087dafebb59314d51906917f5c80d531b98c37316bbd71fb2e664e7
Path2/Path2FiniteN93Shard0016.lean	7217482571fde5a0597013f787e12c8d12b736ae32c26d462fce721d4f065ebf
Path2/Path2FiniteN93Shard0017.lean	dcb5da909c5c98a883d62694ee46be14982421c212b12158d8ab150b53c842b6
Path2/Path2FiniteN93Shard0018.lean	58d26d80369d8b1454812047b24f29bf2b79f0b4bfd20ef134cc447f0c622d9c
Path2/Path2FiniteN93Shard0019.lean	9b28236c4ac6353b97fec014665fb9646ff888640039c8da8516a9db4de9b187
Path2/Path2FiniteN93Shard0020.lean	d8784a545f708f01c65464a3c51a2293810ea81761125658d65e78ce6db4e918
Path2/Path2FiniteN93Shard0021.lean	63d21653d70f1c30ebd9bce497f4afe5b01d6a37e57e24db6ac2732781d2bdb0
Path2/Path2FiniteN93Shard0022.lean	0d0594eb38f8d2af86028d29c947559be5cad94c4e6100ca6502711b57381db3
Path2/Path2FiniteN93Shard0023.lean	a04969efc7db18cc1c979965ab2c579b3939138237b5d51af936395768ce24e5
Path2/Path2FiniteN93Shard0024.lean	f5452c9b69e6cbab18812d6a6ff72c1f47c46a0bbfa39807548ed2e2dc636146
Path2/Path2FiniteN93Shard0025.lean	fdfe344323907dc3fc9dbf727698c8e8637f32face464a6ac30d96af6302a863
Path2/Path2FiniteN93Shard0026.lean	410d2a2deb094cc3f766a7ed63fbde77f9f60562ebeef1f4fc2e50a25a6f8beb
Path2/Path2FiniteN93Shard0027.lean	90334cd1d05bfb983cf062a6962cb17e0489901689533b012bc23b9e8a31bf9b
Path2/Path2FiniteN93Shard0028.lean	1b0258dab1e2aeda39a7998afccdc3fc516ee87fb50aae00e50425ff76a450e0
Path2/Path2FiniteN93Shard0029.lean	a083e7a2a78bd41cd695954e1b8c41f524e9b0156baab40dffdddced4d02ef9a
Path2/Path2FiniteN93Shard0030.lean	faf00b6007533cfaef923e159b9a700c72254a47c728957505efabec2344bd6d
Path2/Path2FiniteN93Shard0031.lean	3583db48d8b9a66ab64fa567b6db26a675fd20f07dd79f8656198160c1d57b3c
Path2/Path2FiniteN93Shard0032.lean	eb85f98009e1e9d7a98d05c9453e4d392c7a300a8ee1dd4032de30aa4b5a3351
Path2/Path2FiniteN93Shard0033.lean	ad637d5f6e4eb8651ff58fd6d33665263cd0557a6eafdc893cf4069a8f40cbda
Path2/Path2FiniteN93Shard0034.lean	fdfaed62fa7fb648074ff42bb42fbb8af37e0d81774d63f74475889627c1ec3a
Path2/Path2FiniteN93Shard0035.lean	260bf1f11994238c75a9545331fd24c27984810fb08a3d21d518853e2bf7c7ea
Path2/Path2FiniteN93Shard0036.lean	4aa2fef6d3d9bf53c141eb46dc38432c41cf1c346822effa18953c141421c0be
Path2/Path2FiniteN94Assembly.lean	87d908d8b111b31c5c0c4b8c8d90af288010e13fe27fa3ace2d8a412199079f9
Path2/Path2FiniteN94Shard0000.lean	a7779b0d9aee2307ecf5ffaca7f99ca3dfe5394aef061f9dd79a3db5bb1d5c85
Path2/Path2FiniteN94Shard0001.lean	b8f3ce2895d55c6b2a957e43571ab64a234a12d4001ca0eb25c9f42031376920
Path2/Path2FiniteN94Shard0002.lean	f38648de5743b21932abacf9bbb97fae6b560a6d9e49ec86b74dbbfca9f969fa
Path2/Path2FiniteN94Shard0003.lean	9989cd39be97111c2e523624e29c70bb2663b9ea0e9672f88741731970d4eaae
Path2/Path2FiniteN94Shard0004.lean	ac28b05f4f02a63c2b51adf2e169dc82c1fee2f81cb75684c317e9b4de0580d0
Path2/Path2FiniteN94Shard0005.lean	bdadabc7f69fef7372daccc52820a8aff16347ba7fbd38365b9bb2abf4b3be45
Path2/Path2FiniteN94Shard0006.lean	c84aa20e10b320cbafe82a3257693fbc599b3ed4d574f28d22abc4c3dcc4b01c
Path2/Path2FiniteN94Shard0007.lean	e7b009e87003a565936257381447add848b7c17a26be4db45f665867e5c4c841
Path2/Path2FiniteN94Shard0008.lean	f1c3e9fcec4c0bd33ef49f07e5a7c43e4a46254cb2e1b1deb16aeaf6cf217495
Path2/Path2FiniteN94Shard0009.lean	1d0cb968c482cdca9af69ee46a0dbd1c9eeb5abe90948d4a698df97201f78b5a
Path2/Path2FiniteN94Shard0010.lean	1af62071bf54b183f4f69679dcae019ef1b66a0fdea94bccf3f915d2c7a7ed06
Path2/Path2FiniteN94Shard0011.lean	b5918f70b8b56cf55efd047550241d0aa7b98c81c0c5695be39929c689bef02f
Path2/Path2FiniteN94Shard0012.lean	b289343e958878be1af7853369790d0a14115732a535bfd792e2b299dcdcae03
Path2/Path2FiniteN94Shard0013.lean	ec91f61bc01776c5d9587d1f8676b6f8e4c9f89aee71f4b94c062790b374152c
Path2/Path2FiniteN94Shard0014.lean	3b831ba7c04650c74e9e4ef04e25bef9f497bfc1148d7274e9114fe40e6f96bd
Path2/Path2FiniteN94Shard0015.lean	ba9fd80f9d29035dc3957cf35d42b630f2f76f7de2d2c89013ecb83cf5efa3ca
Path2/Path2FiniteN94Shard0016.lean	943761128f3756ffb59abb6f9cdcb600a9edea3590073a40239383f2953fa27c
Path2/Path2FiniteN94Shard0017.lean	283747f967d5098eb0c4bbcbb11939e4b476a9388526f7051690cd60a59c93c5
Path2/Path2FiniteN94Shard0018.lean	a8957e0aac0c0146b7d637feb0bac0a862a060d4ae34504c2268be15fe8de9bc
Path2/Path2FiniteN94Shard0019.lean	bfe356a06cadcb80c1a737a409f0c8f17cae2e57dbe5bb3927e6309de3d762ac
Path2/Path2FiniteN94Shard0020.lean	0a72d04c8d69492d54fbdc687c51e02f2a320e1d2b25bef5da739eef93e58dd3
Path2/Path2FiniteN94Shard0021.lean	1546350d831754fa10cce582873b7b865e4fd4c76d7d8d20fe7ee71cee94fad5
Path2/Path2FiniteN94Shard0022.lean	7d470692a7c87641522006b4f6293a4cfbe603f0f26ebbaa45c3172c00ce6a2a
Path2/Path2FiniteN94Shard0023.lean	084d4fea4842fc9f09856d09e244d67ffe4d05132fa5fcff011e30ae44e5cd66
Path2/Path2FiniteN94Shard0024.lean	9f704b840ee11366aa41992b020cad4cb83bfd1a95b1e49dfc1346319de918c0
Path2/Path2FiniteN94Shard0025.lean	349f5735e72f4fabf6cdb4c6defb76770cd951d2971d154becf6efb83d263c04
Path2/Path2FiniteN94Shard0026.lean	df381951bd6045bf831d386e5767bacc70d3d5e469385d8c5b5da2300d741f95
Path2/Path2FiniteN94Shard0027.lean	b339bc2f5d30c1b6688652e66b79e56044bad11f2cec10f3ec6df3d83d3e31fb
Path2/Path2FiniteN94Shard0028.lean	aa7da4639d5d4edda2ca392eba6feccf45bca779018f395e928116e80eb0daff
Path2/Path2FiniteN94Shard0029.lean	d14ab869999c9140585a6fa68cb54eb9da0d536eae51304693e9d380e631f4d3
Path2/Path2FiniteN94Shard0030.lean	1ab49fb9a1268483c9f2f8958df8544e55515e4a5a16baf92fab9e617d1f33b0
Path2/Path2FiniteN94Shard0031.lean	99249a8453aa70a9cbb19c4080717031af942100f89821392f6fafa04ba4813c
Path2/Path2FiniteN94Shard0032.lean	c7f12c02d94e3188858febf4b8c43017ce984f3e25deedc7c7f922431aded00f
Path2/Path2FiniteN95Assembly.lean	8dcc3e671cdfd638c75265118256381b9a7f4cc44365dfce8c18f9a4abce3b1d
Path2/Path2FiniteN95Shard0000.lean	5ef78e832cb5ebd9ac7a81fa6ac805f6e67ae2ae63273c8b7db6f7c3d96c12c0
Path2/Path2FiniteN95Shard0001.lean	22b4b6be3438a45dd36a107500e91777a92513da8bc0fba8a6436458d4831de4
Path2/Path2FiniteN95Shard0002.lean	eff44847e8181a318f23248a2ef9795a9db22980e56122f8a699b2d736959346
Path2/Path2FiniteN95Shard0003.lean	90bcb2480296a0ed098b7da617557a51d5803c9e3993af4c2e8f39bebcd81d1a
Path2/Path2FiniteN95Shard0004.lean	23c08fcaa4da5ad104a2d00c0153a7b56495eb7e12d769371bc5007fcf8debbd
Path2/Path2FiniteN95Shard0005.lean	50bff2115fd408551ee845c41e8544f96da109ddc157292b08b91e41c9bd4779
Path2/Path2FiniteN95Shard0006.lean	acd82964ba31853ec53c2a3122cf0479909385e1949cadc6887b5e86768b53db
Path2/Path2FiniteN95Shard0007.lean	f1f4f8bf975ef7ca1bc482b126bd24784532de2122033be500b9a6336a7f6001
Path2/Path2FiniteN95Shard0008.lean	3b620afb99f3898b7b89f62d05cbb0dc38b73af296bd3d7caffd6935cb48b3f5
Path2/Path2FiniteN95Shard0009.lean	2bb35a94192eb6679c9346b8da135d699b075c59d7dca3b879533a0c521b1d7d
Path2/Path2FiniteN95Shard0010.lean	7845d9a791b63b7ede540f40cc8a5e1d168b89baa5c11ead8fa9c816b233319e
Path2/Path2FiniteN95Shard0011.lean	3ec33aa30afe2baec457252f92e122969ed384d6c779f3458210f0879229d86b
Path2/Path2FiniteN95Shard0012.lean	bc9b384b20956849b51b338b99f2b6195784c2e63a1b29bc32ffd20c80225ece
Path2/Path2FiniteN95Shard0013.lean	4b0aed8dcecd3b70a5bf5536de08bf446946f7a7187b7a05e47eaf032833236f
Path2/Path2FiniteN95Shard0014.lean	d039e2fcebac50a430f94b14fccdf799d190c4878a5431809b414a5288ff936a
Path2/Path2FiniteN95Shard0015.lean	a51de5c73d58961547bf61ed3483f58db3c3d8d8263af2b799f6cd68ee130aa1
Path2/Path2FiniteN95Shard0016.lean	21a98f3004edce4de1b387a740e43796abbbd3b68b7c84513359a32b18de0a74
Path2/Path2FiniteN95Shard0017.lean	3f98b9e11e344b83ce75e5233aa470617dc0dec646fa205294989be8ae08b3f3
Path2/Path2FiniteN95Shard0018.lean	78005b776350f6f0184b5b784215a236784d496591e04507817cd75f958b035f
Path2/Path2FiniteN95Shard0019.lean	2cb30e935b99a5c490dde4e32b7768c97df3d048ff237982e4ecf7db56147f8b
Path2/Path2FiniteN95Shard0020.lean	07476b3c63bab9a2dcb48c9044df481fb747c861e054a40bc0731ed51ae35fd0
Path2/Path2FiniteN95Shard0021.lean	d65a327eb362b815bc6318458660227c351ec7045b87570a9d2bf17bcef89d53
Path2/Path2FiniteN95Shard0022.lean	b67eda13943f8baddd18e2da05fee7ab958334dd83475b6a3bf60b19caae9f1a
Path2/Path2FiniteN95Shard0023.lean	78664e4e5cae026d23707c7faa29869406f2e52d100684b95aa7c68143ed52e5
Path2/Path2FiniteN95Shard0024.lean	ba42e13b7ccbddb003e59069b998cb016a83ff8c14848f6ca7e61ad2895894f7
Path2/Path2FiniteN95Shard0025.lean	27a8652ae623627469348ba1080e6864a8258f18464dfe045d4fdde31931b8b5
Path2/Path2FiniteN95Shard0026.lean	37451562289b2cc584bb650343221d4061ddde776ce8f7b6f306de3adbeb3591
Path2/Path2FiniteN95Shard0027.lean	eef2248fce8ab778bbcbadb1cdfec536841bf7782d75ca1497d58e3e866d1b7f
Path2/Path2FiniteN95Shard0028.lean	c5e10b2b1c6b3710e98afd6435aa1e31ee62e6f502a6729c8242062071747e5f
Path2/Path2FiniteN95Shard0029.lean	5c0b22af3242aaf58d52dad870daec9c07135f4320ce439b402fa506b79a3883
Path2/Path2FiniteN95Shard0030.lean	a8bbf81f07ea939029fd5475583a6f003eaadca914b454d92f623ce6df5f02df
Path2/Path2FiniteN95Shard0031.lean	a01420e99031957c2bcc5ae2824d36fda2d33b8f28a3d6503fa9d45f04d55404
Path2/Path2FiniteN95Shard0032.lean	e3f70751dfdc6623c0fa64a3ea893a9ade9a62c95624d971597ee7daa659b179
Path2/Path2FiniteN95Shard0033.lean	5f86a1fab72586d44baac337cb39670ebebb06ef9ef43f197b8f78b9ee1776ea
Path2/Path2FiniteN95Shard0034.lean	646cd71eddaab77455a23df05beab50ba79c48cd6d8d3089f16ef838bdd774f1
Path2/Path2FiniteN95Shard0035.lean	a283df9a0c0260d18792ab83389bc33298994007d9da3bd54203ffac8c68d0d7
Path2/Path2FiniteN95Shard0036.lean	e8bc7a2ac37ea198e6e035da64aa21d3a2124ed5751a7e6750b7785e090f2a24
Path2/Path2FiniteN96Assembly.lean	7740e44e1bca6e5a726e32838d3f6614a94abb148bc16aebc20bcf85dbf9544f
Path2/Path2FiniteN96Shard0000.lean	23c6cb227d9c4a5bdf92b1ae437c83c36873f0daaa23d1bf4fdb270a468c0307
Path2/Path2FiniteN96Shard0001.lean	86a8c8ff47b3456736680b2054439b8d4d31e037233142b71f6ec6bc2a25a5c8
Path2/Path2FiniteN96Shard0002.lean	db8d68aea382ab8e5d590ea8984c4cafa868de5288f1259cd1071661cd462540
Path2/Path2FiniteN96Shard0003.lean	b254da83b72832ad12abaa6424b4b8249ac22c798b36eba7ef13eb0beda1852e
Path2/Path2FiniteN96Shard0004.lean	e3594a146fa1f89ae820f85e3e843c63ba3485fae73e727b2b942d4458ca1802
Path2/Path2FiniteN96Shard0005.lean	bcf5f2c49fd891448ffb56f81989942dfcc8be8f4047a6fd3c9287a9885556ab
Path2/Path2FiniteN96Shard0006.lean	cb6bff1d442dc0023838cde08569e9c7b974d5e3e225d74b3a7d647d302c0084
Path2/Path2FiniteN96Shard0007.lean	7eddcf44271e8cdf3ac72ceec148aaa6a20180100495eabc5a81706724f932ff
Path2/Path2FiniteN96Shard0008.lean	846fbc3debfe7414d2af37031d3725d0339da527800f15c7bf79a1e2dcfbf9dd
Path2/Path2FiniteN96Shard0009.lean	d409a62b4a0ee01a25535a6b9f0728e43062f0388d27fcb392eaf6672d194016
Path2/Path2FiniteN96Shard0010.lean	048adbb399ab06668675904d046e2bf1290dfa2d32d7246db61a05c9968c5a99
Path2/Path2FiniteN96Shard0011.lean	89f8d0d5a5c3197725782c05c1ea937cb9b578231fdd2f7515c0fefab52ae100
Path2/Path2FiniteN96Shard0012.lean	401f998e225bcddfd8453d6b2d668ecd217548a09a7c968822c08be133039364
Path2/Path2FiniteN96Shard0013.lean	f5250b3304eb3244de4346343e77ee40f19249a67a4d4a22acf2454a3c6f0f7a
Path2/Path2FiniteN96Shard0014.lean	33e437806916c0ed71f65680932f7daeab0ba40d44772f396dbdf07774ec1fe5
Path2/Path2FiniteN96Shard0015.lean	b066629f16c8c5b023909dd136e818d1a77de5c4d5098a69a895cad84e198485
Path2/Path2FiniteN96Shard0016.lean	fa705722d88a2a3eef72e1ee341125567606df4730c9b069e7db3ab0ff9703bb
Path2/Path2FiniteN96Shard0017.lean	81b3dcf77fd591e3fbd25ee74feb75d87caf09db064d62c3af177556b9467e1c
Path2/Path2FiniteN96Shard0018.lean	962844b3e99076f15bcd58517c80263bb6f74eb8e3e937185a44bea9a278d3c0
Path2/Path2FiniteN96Shard0019.lean	df86ed892c03c9c446ffa3f903d48effb02fb7eed47936f55dfc601b51cb4e1f
Path2/Path2FiniteN96Shard0020.lean	81ec615846431634fb180a6d118199f2487d52482f304e5f0aa03dd17c563432
Path2/Path2FiniteN96Shard0021.lean	8ee22984cb31746f83c66d7facda6090bb1567ed98caf2540be60671da4cd398
Path2/Path2FiniteN96Shard0022.lean	2945d87b94586a8409f569c2154ad7b0190b7da54e619776340d92679be0f49d
Path2/Path2FiniteN96Shard0023.lean	77f10aa72d5e2acdfc51c91253038726482cc0b715c00e90dfe52e1f9f4b2fb6
Path2/Path2FiniteN96Shard0024.lean	9df43dc9f23420808d279fb79d5cda657679844242ee485663ce94cd4ece9423
Path2/Path2FiniteN96Shard0025.lean	e1a34e9d63dfd1917521d0a7c43660820eb0ac94936e9a8727549b065171df49
Path2/Path2FiniteN96Shard0026.lean	f99070421e7d831781111894b5d114171e5f377d5afc639ce372e6d829e0d031
Path2/Path2FiniteN96Shard0027.lean	7c62821cb8419ad9f37e14b1b9900d2a0be70b18f06d54a02a34263674f25525
Path2/Path2FiniteN96Shard0028.lean	c7eaa4ce1c0c4d30acd6331fc5eeb96c2d5b41f87dd9ba4b66bcbd2f0fa8f8c5
Path2/Path2FiniteN96Shard0029.lean	0c7a6d3b147d26549004256b11bde8eac4df82d0024d523e080b6eb6879b4e30
Path2/Path2FiniteN96Shard0030.lean	bda67bab3fe1eb39c3d7cea6f7680cefb8604dfb4c729e1ae485f24fee51638b
Path2/Path2FiniteN96Shard0031.lean	57ffa31efbdb3b77d7d9cbe614923dfac7722c5e6f2fe784f197a6668c21d2b3
Path2/Path2FiniteN96Shard0032.lean	8df70ec53193fff0bd422b29450766ac9adf32c47548eb4a2ac1468948fa755a
Path2/Path2FiniteN96Shard0033.lean	e8811a65b38be218c378ea6e346a34a26697e05ba3e8b120ebd1ba050489102a
Path2/Path2FiniteN96Shard0034.lean	6f22dcb1a191b250626c11241f11797b4cee374165abd3a6a5da0a7906548166
Path2/Path2FiniteN96Shard0035.lean	7ca1af22f0cce5557971df925eda21ab357cf24452f004c44be3b57a570f1c7f
Path2/Path2FiniteN96Shard0036.lean	ffe283af5260b8492c79e548ff199413607f239b001b9209175c65b8f8f1161c
Path2/Path2FiniteN97Assembly.lean	607863a5d4d567d66ae844245b2f6321bf2d7749b03b80919b655e330a711088
Path2/Path2FiniteN97Shard0000.lean	8ee5cd377a4696b3efae16e0b58f344066f6cc01c2500c9641496d0cc3db1c8b
Path2/Path2FiniteN97Shard0001.lean	b8234110b59f38dbd98139577df8dc2e90eb6c2c4adffda8dbb4e2f4a0b20086
Path2/Path2FiniteN97Shard0002.lean	8db743258b19de85cfbebe2d64347cf911df02664dbe4b1a0cafe42aaeaad61a
Path2/Path2FiniteN97Shard0003.lean	3bf35b7186eae1640078ffd67282e962c971b68c7402f640f5295aa72b447576
Path2/Path2FiniteN97Shard0004.lean	2c0b709afc815fc5e553f2f691f1c884660566d92fcd5743e8ac99a57ae6dfb7
Path2/Path2FiniteN97Shard0005.lean	1d51cf6e5731e76a6d5184d35f5e70c782e4049aeba18fef7144ab5544ae5f25
Path2/Path2FiniteN97Shard0006.lean	85fb0bf7316c07bb29fea7eb6fa39bf01dc5eb878d29afd668cd14f7341ea883
Path2/Path2FiniteN97Shard0007.lean	772dd987348af026d73fa3ae84ef43a05f1b0ea72c3043333d946f9666fcb06a
Path2/Path2FiniteN97Shard0008.lean	8ba52513bf0c302de15f6c6e2877baa5d6848926ccd1b9510d49c6aa807b4b06
Path2/Path2FiniteN97Shard0009.lean	e3be77f806c264effa15b183473c1d1e6999842545532eb97f9ab927829f77db
Path2/Path2FiniteN97Shard0010.lean	9a609b9982b3e912e1d816bf7385db2dd17d26f9a91310b462ebcdeeea2d756b
Path2/Path2FiniteN97Shard0011.lean	9d027eb75a58d958c866a048808725ffc96130990080533060691f23b273dd3a
Path2/Path2FiniteN97Shard0012.lean	d0d56c31cce60d1b7420f503387031986c4efb37c4fb7f398390f249323f2d5c
Path2/Path2FiniteN97Shard0013.lean	74871a24ceb2be7b5978d22196bb1fac011a6ea87eb40ee316f18231de1cbffa
Path2/Path2FiniteN97Shard0014.lean	e19336390e36546d22c18a1df9afde1e08e7408c7f1e9bdcfdd0fa03ee67df33
Path2/Path2FiniteN97Shard0015.lean	8764f8a25903709e054a343f0bf612340bee021e23331f700003da528b9dc909
Path2/Path2FiniteN97Shard0016.lean	418308b9c181f1fdffc95650c3cbcb5dd217f059346a581cbec4625fc80d9fb6
Path2/Path2FiniteN97Shard0017.lean	722c6b2946d6a7de9e257fcb68889da57f4df9558fb99ce074cba4a1433a3f11
Path2/Path2FiniteN97Shard0018.lean	70fe3bc825e2e273df0d19a93cc122cb1a49210c7a877863662426674f9f06f0
Path2/Path2FiniteN97Shard0019.lean	8ba31fd86ed7d228ac1e4e4918ef2e26d183590b7568416da263cb95a79d4694
Path2/Path2FiniteN97Shard0020.lean	f23fd5b02bc4894658702d7a1e446e8dc95c51f3685de71d68f59a5bb4eaf0c1
Path2/Path2FiniteN97Shard0021.lean	9e04c13181482fc5f38df9a5e76aaf7678302bc830337ea9739d3a42cb923758
Path2/Path2FiniteN97Shard0022.lean	95381ce86b33166cf72c9dcca1e8aa03498f6dcacfccd46874b3635d12cee96f
Path2/Path2FiniteN97Shard0023.lean	fb4586eaab9ef1eaeb59d34e1b6102e6bba251f1b06f93cde181313e27555125
Path2/Path2FiniteN97Shard0024.lean	bb12f886a591e4106cb6714d75700111ab69a174181b58987706dc86f0eb39b0
Path2/Path2FiniteN97Shard0025.lean	58acd338daa3691d9aa6984b1f391091f7996b01b69b75f53c6e614ded057903
Path2/Path2FiniteN97Shard0026.lean	efa91bb9911310e8f8b5d562c24e38d8340bec5d205795285e392427450615d5
Path2/Path2FiniteN97Shard0027.lean	d0dcc5c7989fd14e4506929bc3f41a53af473de7262a97050eb9dd73e99d13ca
Path2/Path2FiniteN97Shard0028.lean	cb75e09ba9d6e68b3e6062d7ed013c69ef9c551d007e24a7d6fa3d36fe3d8b16
Path2/Path2FiniteN97Shard0029.lean	31651387f438876c8b52bc2febade6496df4e6348182804409b04abb64b902b3
Path2/Path2FiniteN97Shard0030.lean	faf1bce2b456d82be24d57de5f0917c314d2469ea81e2863d99c4321545f5b34
Path2/Path2FiniteN97Shard0031.lean	f399227f9780887421658020afa44571f086164e5700654096cdbe0c1af9984e
Path2/Path2FiniteN97Shard0032.lean	0f735e7012e49c3f0eb2b32b3b5198109b4fccd1bd408f0ef71922d7157fe3be
Path2/Path2FiniteN97Shard0033.lean	20b7a01f1514dba8337df4083f8268f515d2029c28ac1af481e0d5e57bd55d1f
Path2/Path2FiniteN97Shard0034.lean	3c09421ea2577ad2c19f825076108f9660483a847b6217821279fbe760a48244
Path2/Path2FiniteN97Shard0035.lean	9cbf8f6603f9806dc51f9655b1a7c8588c550588a744218c5a323b30f05ef714
Path2/Path2FiniteN97Shard0036.lean	66d1f0343c32a14cf59a2b83eec4062f22d81516dceff0e60d6b4eb44f37cc5a
Path2/Path2FiniteN97Shard0037.lean	dc87d82571d564e7b3e75ef48950ff5d0cdab90935822e7360f1fca51dcb21e7
Path2/Path2FiniteN97Shard0038.lean	d5f14a65b24ec63a1dc9edd8b7a3f3741b87514e517917cc872ca9805aee1236
Path2/Path2FiniteN97Shard0039.lean	71014d21d6e2ad0b74409f04f938919d1c77e831680d489dfaea603c72d7ab02
Path2/Path2FiniteN97Shard0040.lean	381eb33a0abc78a495c16247166f657ea7386f0f25537a2b06d867ff4fd977ff
Path2/Path2FiniteN97Shard0041.lean	e9f25cbcc8a858fdf2d58d5c8e8241ac4a5d55175a6d83b92a1ed266073f2153
Path2/Path2FiniteN98Assembly.lean	867a1e90409fcd2279ef63c614a2c2428d6c388068b4ebf6795c3cef263ae9e7
Path2/Path2FiniteN98Shard0000.lean	6c9157866867f2df7de77d080625d03f4fb369a1a39d8777d87b77a2463944a0
Path2/Path2FiniteN98Shard0001.lean	231f3e3b07e68978482f3307184a22c5313694655e1e8885a680736fc449514e
Path2/Path2FiniteN98Shard0002.lean	01b11d4d71b0595ecd659ef343aaa814bb70e806decc3416994b1c44c1bf3f0a
Path2/Path2FiniteN98Shard0003.lean	4ae53e55222df525f18798f9ab4fdd5bdde43cfcf6021de35e2d4feb4d627c05
Path2/Path2FiniteN98Shard0004.lean	01c5359b999135e1c51a230f35843d7df87773e26bd33490fc257546f50e3143
Path2/Path2FiniteN98Shard0005.lean	7abb793b5e986d6d87d87605d2ebc4d32d2670c5727d50837ead01cee7ffe656
Path2/Path2FiniteN98Shard0006.lean	8548aef57cc728ac44cd8b5bfa1e51e3b04b0c8f879f6af4918d0c074af86b45
Path2/Path2FiniteN98Shard0007.lean	221c69a1c73931be763d4940aa30e18bc3f83d5957e2ee4203ca12d7b0890e64
Path2/Path2FiniteN98Shard0008.lean	60623069c74a147b21590f99dd5132ce74e49a076cecfe3e38cf95062978f840
Path2/Path2FiniteN98Shard0009.lean	e4d6e3f6a66f4bafe9e44a38888babf827de3ea8e24404701743e0332453c43d
Path2/Path2FiniteN98Shard0010.lean	c97a54873e8df14b4d60a797ca3a55032e7328ae2d4886f3330fd58267d2c9e4
Path2/Path2FiniteN98Shard0011.lean	3cee864e989ef79505a081d9d73299b94c2d1ac24ca744404b9372c7d36527e7
Path2/Path2FiniteN98Shard0012.lean	44651cadd412ff58f5c34fcf1dbcf0db03e8868a6942502d8d736b96ad580f73
Path2/Path2FiniteN98Shard0013.lean	6b7f7d239b9e0e8b3a4b466691a3eeb423414a787ff916487b37a725840e7e7e
Path2/Path2FiniteN98Shard0014.lean	e63e75076feeed706c5131ba5e88a6e63addd3b66b88a3a71cf5da9a29ab8915
Path2/Path2FiniteN98Shard0015.lean	eaa35cdda0b899b937631c4f9dc11c93de091e3b5e09aeb482878de1c1dde8ed
Path2/Path2FiniteN98Shard0016.lean	3525694794536b1f50d95e67d0faa5a708f6264e0426e26f2c097a09895c81b9
Path2/Path2FiniteN98Shard0017.lean	5a86d718e1c6cdd452c36da25e8c426d3bd34bf5ba0742177a7f80acf48cca90
Path2/Path2FiniteN98Shard0018.lean	43d24dce1cc3ca4d58c397aae6238caef0cb2f249dea771dee3d474fde964854
Path2/Path2FiniteN98Shard0019.lean	024858b6f78591118cca444da76bfffa241f23f2ea749f8258a65a53e9750e77
Path2/Path2FiniteN98Shard0020.lean	665fe2d75684f5bfa09e9aa7c9b3e8566489f5b06e502e157f72097ae6e96ab3
Path2/Path2FiniteN98Shard0021.lean	c9eacffea09fa26fb3e50153e462fb3856a0650fe389a548133ee7bcb61f7aac
Path2/Path2FiniteN98Shard0022.lean	6be43757cf925a78bfba65cd05a9526ab88f135e1a58b3a22a05fce9837e68ef
Path2/Path2FiniteN98Shard0023.lean	ca836f19433877cf22ee2bd90a3a90b5fb8af83050b25886b4d9e1bdd866006d
Path2/Path2FiniteN98Shard0024.lean	83b6bd1f29c4559791d5dd449ddc243085b17575976132a6e452ca316990709e
Path2/Path2FiniteN98Shard0025.lean	f534a83837af384303fa02ee0114c55bc198818fce79c99c6c93b8a2bfa6b42e
Path2/Path2FiniteN98Shard0026.lean	91d305ac80515d617341e2fd8df89e9758911b2e3611c593fdbf48533ec9570e
Path2/Path2FiniteN98Shard0027.lean	5aaab51f9b6a0fbf8eb10e9ed222cba6ad3ff11c58b8b177951d141ebbeb2ef9
Path2/Path2FiniteN98Shard0028.lean	89e24b8335d57096a7c2e768f8dc5377f2e75271b2a39a5a11bb94052e875f9a
Path2/Path2FiniteN98Shard0029.lean	9f433f6efae0b6bfbe99f22f5810bb10a43af64cc823d7d41f0f1bdf419d4430
Path2/Path2FiniteN98Shard0030.lean	05cd490184d940e5b315acdcd8351a76c15b90dce8d2661521e2b07406e30329
Path2/Path2FiniteN98Shard0031.lean	dec48ac2eecbeacffb3df07d480033c968a2f6afec7ad304c721747d341e5a14
Path2/Path2FiniteN98Shard0032.lean	0d18ee1218beb90cf895bcb983b9cdf4e9aa4f07ab2e17a78caf60fb7d77d51c
Path2/Path2FiniteN98Shard0033.lean	38af381310e85062f56cad771e69a5e72c9f8fd74aac8c1745bcaa059a8d80ad
Path2/Path2FiniteN98Shard0034.lean	9fe9a1edc3ea19792fd376bb846601f60c54f6634ebb1aced3bae2e2e8630933
Path2/Path2FiniteN98Shard0035.lean	02cc991c9d44426c9f3c422d45a2e33f8f7599b6984832d2cb8e00caf11cda08
Path2/Path2FiniteN98Shard0036.lean	c45542d2f44dff46a3a71b50bc597265c5bb686a7db1ece0ec107494e28ecf1f
Path2/Path2FiniteN98Shard0037.lean	3b17663b7756cce71c949ec217e3b95f615c7cdb9cb50ee8112e771c50712e98
Path2/Path2FiniteN99Assembly.lean	c0b26f4254fb0b2f0287eba1f0c456e50a487f9943c95002012a13be945a1c2a
Path2/Path2FiniteN99Shard0000.lean	a896c76af2bd7032b5201f89d212792d0994b240c3f342222d7dec05bc83a7dd
Path2/Path2FiniteN99Shard0001.lean	fcbc51717391a52bc07033ce5244de68ff392654003bfd035cc994fb1fae1563
Path2/Path2FiniteN99Shard0002.lean	7cd12be402776d15caebbdf9a7566883ed364edb4295e8d7a04d9325fa10a30f
Path2/Path2FiniteN99Shard0003.lean	ebdfeafa25e6b1299ed2375f5c92ab17ad1e49805491e510c8b10635d10674df
Path2/Path2FiniteN99Shard0004.lean	f4ed8f042d9ab84d607a95102ec620beffeb13649dc7eab2094bd3e5c11173de
Path2/Path2FiniteN99Shard0005.lean	8aa8518dff0d70cf347ccc4f21de1e3565a91fb19ddcf571ae07d690b5593e89
Path2/Path2FiniteN99Shard0006.lean	77b90caabeaeb71f0d228eb6900e92d05f208c567ad1f40a0bc228bba7e749d1
Path2/Path2FiniteN99Shard0007.lean	f35c11525fb5f2aaf35c30f43efc81b2c54bdb4ebedf170379c05be6607fe826
Path2/Path2FiniteN99Shard0008.lean	d55bef8447ab96320992aa66d6bd8847569301e51d84b9d9bbe0f729c22e1593
Path2/Path2FiniteN99Shard0009.lean	bb0a6b40199d0802670a91a430acc244d8091ea3b0a4ddf68255308904461069
Path2/Path2FiniteN99Shard0010.lean	92c9ce661c52d0a5dff221731044245bc8ce2ea7a7f4e22c894a079e22dbb4d8
Path2/Path2FiniteN99Shard0011.lean	375e7a06592ef7145a75db66b31ecbca7c839c192a04317ab4995d75120387bf
Path2/Path2FiniteN99Shard0012.lean	32b94596018e7f695601b9a35a7acad0c1c89bd28e12e644ed13946289938261
Path2/Path2FiniteN99Shard0013.lean	ececcdb918128cec0024a3defe9d35fdad14dbf3ebda7088c2eff5c5375f77e6
Path2/Path2FiniteN99Shard0014.lean	2c6dfb9eeb3ed8d2e27664b794cbce6b76d2e95d69ad3b3eff3a859a082773cf
Path2/Path2FiniteN99Shard0015.lean	9957d0cfc31f5df7ae69f4cb311033d634bc9ff100f68b11a615dfad347d456a
Path2/Path2FiniteN99Shard0016.lean	58b687b4ffd486490b78923b59792912b08d926ab1a5d82255dae8340925812a
Path2/Path2FiniteN99Shard0017.lean	ebf8ff929223c05b0d1873370f3ee7a24b527df3b91cc4d6df0db827766b175c
Path2/Path2FiniteN99Shard0018.lean	e0e9f0e27930518965e6312645834224830fb276c77da21d3c1880623b69e52e
Path2/Path2FiniteN99Shard0019.lean	7032d231f2df1b0a8fe7fdf9390624f17230aa3fc6ac0a868787994292a80ad1
Path2/Path2FiniteN99Shard0020.lean	0ad38adf8560451da09af88f3f62379430f4528a3521be8691a8fc2f5c18aba2
Path2/Path2FiniteN99Shard0021.lean	8873ecd661d30c4afc24dd310084a6f70764eda78d3c308e977171bbbff9d6ee
Path2/Path2FiniteN99Shard0022.lean	c2730c671b5eb86b11ec8c64d43826378a6e66ce0c31012e743430f1c7f833ff
Path2/Path2FiniteN99Shard0023.lean	4c7c6d80b5f9f205325cc7b746386b2e7805168962859e78a7b114be5953372b
Path2/Path2FiniteN99Shard0024.lean	b2ed21ec80cf0e650bfdddf9cd1da26274663afa6b7fbce5f18565cff35c4a96
Path2/Path2FiniteN99Shard0025.lean	6cde7454660a8c9a1d92c09a5b88102ad0fef82ace11b00cac9c96cdd3153724
Path2/Path2FiniteN99Shard0026.lean	f1f2cbc25bb0463d94333bc7ec4b7d46b9413390915ef415076b187d1e01d739
Path2/Path2FiniteN99Shard0027.lean	cd7b52d05da58ec77d9e14ac4919e0bd71372f7380605dca15e5ea0036b73c42
Path2/Path2FiniteN99Shard0028.lean	7200f517e77daa5307620132bd9ca3207553435f676b6a4a8719be6ee10ff1ca
Path2/Path2FiniteN99Shard0029.lean	56ba148ff08f1e1bf1b37f455a04e8c00f9673364baf28bd15992a34bb41bb12
Path2/Path2FiniteN99Shard0030.lean	4564bb58185f6d35622117d4436dc2d66a5eb82c62dc5de9d344d1b1981a6019
Path2/Path2FiniteN99Shard0031.lean	1afe5d138c2e46ea85d9a9265b98876e57949d2edb4bb2a5dfc53dcc48bc6c54
Path2/Path2FiniteN99Shard0032.lean	73b5e42983c70b9aac5962975644628124a73362d5eaad16286da91a5d3bb651
Path2/Path2FiniteN99Shard0033.lean	65439026b182572bab2231c5c47646c1abb6b595d8ac893e52997877e27add9c
Path2/Path2FiniteN99Shard0034.lean	16d66d0fe232ce77df0aa15043138ec392f898881d3a1249bc28a0c30c1610a1
Path2/Path2LargeCertifiedCachePrototype.lean	d3adbb34230a66b14e30e729862a85950d0f8ee0a9fefd49d44966396bbab270
Path2/Path2LargeCertifiedCellPrototype.lean	00c7d23d9586be42892b06edbeca3028261121815e8a5519b9e45755859d635f
Path2/Path2LargeCertifiedCoverPrototype.lean	8744d42caec8a0d38838e7adb1e7f1f1d94ad57a36a6ae90b09b08b9070a999c
Path2/Path2LargeCertifiedIntegralPrototype.lean	28a650c92fdd1f6ef497f4d76714bf8055cd2e28c499ddb525464431a8c98991
Path2/Path2LargeCertifiedSmallCellPrototype.lean	ada0a2dd30e5a47349ceccfee637dc448c476512ef78fe6e065b689ea252d3ed
Path2/Path2LargeCertifiedSmallCoverPrototype.lean	5308c043cc96d97d339f2bdaea75d1855c7fa1ac5a0e70d79f54d29b8e679796
Path2/Path2LargeCertifiedSmallIntegralPrototype.lean	8c324f21849730847d958e46a9d457ae9f6147e6eca1e29880b7b8ff922e53aa
Path2/Path2LargeCertifiedSmallSplitCoverPrototype.lean	6f794daaa52616f5ebd1302fa33e322398ac694bf3130b6d536a7942e944d7f6
Path2/Path2LargeLawPrototype.lean	76a3fc5c3f90683153055f57066e043b6edd60b59f2626158ba2fbe81e0b872d
Path2/Path2LargeRatePrototype.lean	eccf14c2c43d8a6fd3d63d46f02f3b51b250979652caae389194f7b45706b3d4
Path2/Path2LargeVariableAlphaExactPrototype.lean	b9e7bb4ee8b585f29e9cbd1566ee30ab35ff123bef4f6fee01132e3ded116940
Path2/Path2MomentPrototype.lean	c75c029ddb40fbbaef268f5ecfc3363ecf552a74f19122edd82a01c81b50daff
Path2/Path2Post044ConditionalAssemblyPrototype.lean	ca477c7f7ca50c5c52e31c19812a4db24a92cabd1f038ef49ae78a7d0e3b9082
Path2/Path2Post044FiniteFastCover.lean	8ae2c3ec24265a0ebca4bddf55543e7e0981442ae2cd93f3248f47c5e7d873b4
Path2/Path2Post044FiniteFastEvaluator.lean	3468aa4041755caa7d5c1c8a4d139baa460d7692f2761b004217df77f9886b56
Path2/Path2Post044FinitePrototype.lean	bd478251fe49f7b080a8880bad0b03ecb72ec876f228f04232d89834d1109bdf
Path2/Path2Post044FiniteSubtreePrototype.lean	b24af270ed771dd956a983e59ea658a6951b2978289792ab7ee77673ba739a77
Path2/Path2Post044FiniteTargetAwareBatch01_10.lean	8f975f9e6da5aeeca6329f92502fb26cb6be8ea9851f2508bf7dac34289b519d
Path2/Path2Post044FiniteTargetAwareBatch11_20.lean	ac518c1770b9876fe21b5fb42d8fcf37336b4c7868eb64f87ff997f78fae45e7
Path2/Path2Post044FiniteTargetAwareBatch21_30.lean	a2c796684f01a2038320095827f8bddbe263a098436942e3c8673fb5da594640
Path2/Path2Post044FiniteTargetAwareBatch31_40.lean	b2bd1988ae0e7e917842fd570cc756219027aff7afefc1c762251cfb6cb5beaf
Path2/Path2Post044FiniteTargetAwareBatch41_50.lean	05ea973c15efc4cc2bf9179fca533e8ce0e928b7502ba14bc666973eebd8ed1b
Path2/Path2Post044FiniteTargetAwareBatch51_60.lean	12fd1948281cb3744fa6e1948ff648f50714778d38f35fb5741a64ad99e4b96b
Path2/Path2Post044FiniteTargetAwareBatch61_70.lean	47a11da3d4d25526f824c51c6bdbb85deda79660fdc9a3dde9f9947cc27f8f03
Path2/Path2Post044FiniteTargetAwareBatch71_80.lean	3dcb1b936e22f32d411c5d2063ce033b7842f1b8daf68e965a14e8b93603d0ca
Path2/Path2Post044FiniteTargetAwareBatch81_90.lean	b849456b69f33084f3eed6a1dd4f772dbb2e8684cd7f0b2ec5724590c748c5bc
Path2/Path2Post044FiniteTargetAwareBatch91_99.lean	04cfa9ec03d69f853c1d2fbe5f1c3a8973314309fafe634869e06327d247dc26
Path2/Path2Post044FiniteTargetAwareBatchesAssembly.lean	54897beea1bbbe6160a0b2776d38e3542e719658c22829530ae0716059c766d4
Path2/Path2Post044FiniteTargetAwareDiagnosticCorrectness.lean	f1f1f6d91cb89e15bec8654e08e7ed1c9ea8a782d5b48854d7eb4ac842a49ec5
Path2/Path2Post044FiniteTargetAwareDiagnosticCorrectnessAxiomAudit.lean	c901c31916e9a04458ee986840db99a512eacb8c5ac8a623b99fbe4148b15ea6
Path2/Path2Post044FiniteTargetAwareFailureDiagnostic.lean	3fd77118cfe88a843cdd6f99b860f283ef68485d33561f34c545bc3a6b45251f
Path2/Path2Post044FiniteTargetAwareFuelMonotonicity.lean	12cadf6105a14bbdf1f6c8dc30fe028e6efbb49587c272b8a8deb2d7fb1821f1
Path2/Path2Post044FiniteTargetAwareFuelMonotonicityAxiomAudit.lean	c46904b4aaa49169c805817e7fa89f9f13469572082a14174c0414e7b224bbe2
Path2/Path2Post044FiniteTargetAwareFullCoverPrototype.lean	521c8dbf763506027602cd8eeac4022bda0d6c2ea2d6ce8c7805d0b85d9c8e29
Path2/Path2Post044FiniteTargetAwarePrototype.lean	72b4484d7242bc20b5d20d8e0542594ec83484d900bc6015427c16244275e77c
Path2/Path2Post044InterfaceDominanceAudit.lean	4dbfaa884aab36cef1baccbb9a7657a83635ef789431e7755a5077670cb802c2
Path2/Path2Post044LargeBoxSoundnessPrototype.lean	4a425bbd1ab49f8e7ad4d1fd10a6159b22a3951a3562626e00fbaa077eac0edc
Path2/Path2Post044LargeConcreteCodeSources.lean	810e4cc78da958435f198fa9e3c96a96eebbd53eaed5a4245b2e35c18c1f2bff
Path2/Path2Post044LargeCoverPrototype.lean	93af5582a851c63c822dd9c6133ebe6baf4db2dd3af9998cc0041489d8fe6ab7
Path2/Path2Post044LargeMiddleFuel5NativeCheck.lean	3c1eab3d76e0458f94553fcf303bb30022e896fdf9d3c974ab9528c6e3797353
Path2/Path2Post044LargeMiddleFuel5ShardBatch01NativeCheck.lean	3197c04fd04db59c557bf793687b7633fe26c1245b1b91d2f416287f58d14b16
Path2/Path2Post044LargeMiddleFuel5ShardBatch02NativeCheck.lean	d825b860b9d918f0d4cdbb00fa4c632e0f9646654f05a68b06e5718b44c9479a
Path2/Path2Post044LargeMiddleFuel5ShardBatch03NativeCheck.lean	88c9cb8a93f563b42fbbb5dff8ee219ef62b3c093cd9c3e7d757889c818ee356
Path2/Path2Post044LargeMiddleFuel5ShardBatch04NativeCheck.lean	3d7270a6834a6bc761035b6684928b905e0835c1e8c6f65478d5206ce3721b48
Path2/Path2Post044LargeMiddleFuel5ShardedComposition.lean	c3079c5b0d152cd911767d59f624a5035c6664a6780f664ac939bb71a19687ac
Path2/Path2Post044LargeShardPrototype.lean	6c73f9d13ef089fb9ba54060cf62b34ec013a40e32a93daff7499a92fc086060
Path2/Path2Post044LargeUpperFuel8NativeCheck.lean	024c84a905c6006d0afe85bb33a6eae55a8502491046a2055571157dba6b7a28
Path2/Path2Post044SmallBoundaryPrototype.lean	e83fffe0b96214455ac2e9e10b34208cf2e439e49a10baa9b8347b6647b0a4bc
Path2/Path2Post044TargetAwareAxiomAudit.lean	ca59e1a99b5fef0a29b35aad7854545f0456f751d44954642569559e55faca7a
Path2/Path2Post044TargetAwareConcreteCertificateAxiomAudit.lean	bba7e0be8f05b1508d8d83bb5c830d4ed528ae7fcd0009dc62dc6a861212e386
Path2/Path2Post044TargetAwareConcreteFinalAxiomAudit.lean	e29ee5b34021e461284c6f2dbe5fc0b689010006b289af8b2b0a9b93cb72a4bb
Path2/Path2Post044TargetAwareConcreteFinalTheorem.lean	0c489269e856902712fe9f80dff554468ba421a8a0a3e225c3a327817112f12b
Path2/Path2Post044TargetAwareNumericalAssemblyPrototype.lean	47c2d31d1e965bc33dd7ab761d6495db2ebfbb9d1a84b3b3f698191f585104c1
Path2/Path2Post044UniversalSplitPrototype.lean	23e95c1b19995896bb4a32d8ddfcfbec3c19e7d0c749fe46eb0fd485373d6269
Path2/Path2Post044VariableAlphaBoundaryPrototype.lean	2cec2d5280023d469ff4d29a8ccf5c26dd4089d163c7e11f5e968855e559e992
Path2/Path2PureExpScratch.lean	3d20945afed5044e4db8acbab479d33d46072c67bf1a0d26d2090deda1c8761e
Path2/Path2PureOmissionPrototype.lean	41676bc4285d8718635bac27bfc08f241a1fa687ecc9cad53c6a2799c1691b80
Path2/Path2RadialCharacteristicPrototype.lean	b443f5211325dde3c69343ad158f329c0f1a4f58e90bc98abbc4185b0ef00d28
Path2/Path2ScalarPrototype.lean	a505e126e6a0d1388d346a5e0f4e42c2486d87b2d2323d6faf25a76d09c607d0
Path2/Path2TrigProofScratch.lean	4896d91fb03f0e0eb721a7aaa13288eb93a6a23afda469696eadf906cee14f1a
Path2/Path2UniversalPrototype.lean	e814578869f38488ff1be5335500506b005831967b596171f8c3f43e5f332a6b
Path2/Path2VariableAlphaAnalyticPrototype.lean	fb853488f3fcee39fbf272cbe942ceb5b9413ba78da9b9af8a44ba82c48c37ce
Path2/Path2VariableAlphaBoundarySoundnessPrototype.lean	efc5038576907467a596b43a5748958c7fa0f3dcf2a9296c32d1cb5f03471545
Path2/Path2VariableAlphaConcreteCodeSources.lean	fffb3cd58c3252252d00ef6dfefa8c04afcfdc554648efe47353e9d14ad728b7
Path2/Path2VariableAlphaSmallCellSoundnessPrototype.lean	d72713c85f215e9d32976e59b30117e6f88fab0cbfe51210a316aea83c8ac9e6
Path2/Path2VariableAlphaSmallCoverPrototype.lean	d415a33ccd2e96b283ce597b85e60c7dd33e1a52de782da6b8880ca0cf9ad470
Path2/Path2VariableAlphaSmallIntegralSoundnessPrototype.lean	b91c4b5395ef21ec9e75ae68e50cd0b0bb5b08268e2f10dbaa53195926563cf9
Path2/Path2VariableAlphaSmallLowerNativeCheck.lean	a8145cc7bf33d5e17583b5a3dd732860ea85bb986af370673b99e6a06235ee3b
Path2/Path2VariableAlphaSmallSplitCoverPrototype.lean	3a9e181a01e27430f627118d9a78675eb71498f6012a4c0627917cc2ae25aaf3
Path2/Path2VariableAlphaSmallUpperNativeCheck.lean	79da596671ef6696183c77d739ec3bbd59b89371d45a5f67b7e548b363811ef2
Path2/Path2VariableAlphaStrongLawPrototype.lean	d27cebfca1131f278a2a7c3063596d116ead148cf0f3db524c4dca31f7e85352
BerryEsseen/DyadicPrawitzFiniteLeafCertificate01.lean	aad69ec444fb3f854bdc3ec46d400b2eedc8ae4a67bd0cad56bf2adf0a546a2e
BerryEsseen/DyadicPrawitzFiniteLeafCertificate02.lean	daf34013a5b2eed9b93a85184012be4f3d8ca66581953a8e133b95d24813fdb7
BerryEsseen/DyadicPrawitzFiniteLeafCertificate03.lean	788cdafa4c0df621a73e25b466ef5077b979bd5680faa4ea4cd6b1830a71826d
BerryEsseen/DyadicPrawitzFiniteLeafCertificate04.lean	8b2a9c7159524d057cc9fa9ee6e2c45b1c2d18ae08d57f8c16eac718fbc2e67e
BerryEsseen/DyadicPrawitzFiniteLeafCertificate05.lean	071ec42e9f30df8fcc962e7db96c29a4fed021ec9deb9e03571d67e42299205b
BerryEsseen/DyadicPrawitzFiniteLeafCertificate06.lean	766ae49c6ae1add1384a5f5669a3ae454625d8c2f26f65544324c3b60cb15db2
BerryEsseen/DyadicPrawitzFiniteLeafCertificate07.lean	362f806cef93909f1499afc5e3a25ab9ba78f6dd9f3a72ea3831fb9976b28e15
BerryEsseen/DyadicPrawitzFiniteLeafCertificate08.lean	81c0af9ea83a137a2855b3a05efae80cb9f557f7ad001ef5ce293d329fd3aa13
BerryEsseen/DyadicPrawitzFiniteLeafCertificate09.lean	dcac017c3b1e4f7f5fe5d93483dc09b6e658912202ecb692ad572be0f52201aa
BerryEsseen/DyadicPrawitzFiniteLeafCertificate10.lean	53627717dad52851e773bf9b9349e4c6226ae9ebdf556fca7df4602408348e54
BerryEsseen/DyadicPrawitzFiniteLeafCertificate11.lean	55b611d25a3927728105e617c4f06cc9ad38ae93bc63f686c76022504f10313f
BerryEsseen/DyadicPrawitzFiniteLeafCertificate12.lean	c2cd3cf6ae1d051dd92270ad62f0ec66e8b00872d29816a6b588d990c99fbc98
BerryEsseen/DyadicPrawitzFiniteLeafCertificate13.lean	43484bfbc275767aaad1ef518fa3b51a5fad57868c22b73ce10fcc01bfd4d7c3
BerryEsseen/DyadicPrawitzFiniteLeafCertificate14.lean	e80a201b074fffef8f187d3af1e5646fd8d6b35071f1c199c54e2a62e3cd8b90
BerryEsseen/DyadicPrawitzFiniteLeafCertificate15.lean	bcee48a216540374c20567e3a08493cdb7dd032f06ecb9e76b517303c62d76c1
BerryEsseen/DyadicPrawitzFiniteLeafCertificate16.lean	d4835647a3977e761c89d9062711fd99c7abb7fe5bd3fd65e0772e37c79ce088
BerryEsseen/DyadicPrawitzFiniteLeafCertificate17.lean	321ad585ddcb1ea9ce4c1b64186a57f9c9edf7aafed20c9c63c8c09114b2d441
BerryEsseen/DyadicPrawitzFiniteLeafCertificate18.lean	698fea46c1348379e5c99a74cdd32c30cf6292f3b05ff5d90c968fb5ad94e2e8
BerryEsseen/DyadicPrawitzFiniteLeafCertificate19.lean	e6883ee2163c62c1f4f251eb09264a739498996136fc37f49a1e4df1768a3ac9
BerryEsseen/DyadicPrawitzFiniteLeafCertificate20.lean	5f13cd7086cde70d529464f614810e542226ee7805a159b1b1500701b66b3e0a
BerryEsseen/DyadicPrawitzFiniteLeafCertificate21.lean	8df32bf66d538327bc2ca19392e8b402b3f08fab511c17864cebec41555b2192
BerryEsseen/DyadicPrawitzFiniteLeafCertificate22.lean	13a89041b91bcb9db88a0c3b90eb5a04045f135cd60c840c2b7f35281612d4dc
BerryEsseen/DyadicPrawitzFiniteLeafCertificate23.lean	6ad09d9aa66440742edead188cfe70000eb10adc200d61faadd056d467741768
BerryEsseen/DyadicPrawitzFiniteLeafCertificate24.lean	805f2371b12f98707730767e262adab06f9a16123d5b9457fd8297a3f55cd3ae
BerryEsseen/DyadicPrawitzFiniteLeafCertificate25.lean	075abe233924b6441bf0b8db38b59084794fda861509941a1c28655dff60fbf9
BerryEsseen/DyadicPrawitzFiniteLeafCertificate26.lean	7e4346764201dd472bfc6ac38d3878a7bd228e7da23459c53a4033c8af373f52
BerryEsseen/DyadicPrawitzFiniteLeafCertificate27.lean	8ec7cdc52030addaba8bdea4691e96375ba54a8c4e3a6685fecd6d66c5463328
BerryEsseen/DyadicPrawitzFiniteLeafCertificate28.lean	a91b9e4cbff726d80d91305cc80fb5d77dcfe0a400c1b3dbfd77d4ed08c26939
BerryEsseen/DyadicPrawitzFiniteLeafCertificate29.lean	499352b514eeeea814c2a0200cd46d973b92b27e531216fa59efc6da3c4c0bb3
BerryEsseen/DyadicPrawitzFiniteLeafCertificate30.lean	1e6a7ad391bde87bcf67a025af919fd22e37009cf17dbf14be1ddb887e032464
BerryEsseen/DyadicPrawitzFiniteLeafCertificate31.lean	67664b7445da683c3830ac02cf320b843363b82d844d22095d288b265a986c8f
BerryEsseen/DyadicPrawitzFiniteLeafCertificate32.lean	cb3e52f60f04ecd9cfe3dee0792da6e3c755f192a71e4a3b9b270bd1e3da49b3
BerryEsseen/DyadicPrawitzFiniteLeafCertificate33.lean	d21b9443a57f1a181a210d8317d4216f08453e6e6912a92486e81cfacdbf7b3c
BerryEsseen/DyadicPrawitzFiniteLeafCertificate34.lean	0ecd6716d8ffc1b0d9b2b879edf5e2d017ca439a2c86102422bfc38730a6d898
BerryEsseen/DyadicPrawitzFiniteLeafCertificate35.lean	59f403790cc8901544b000df02ce527d225dde1c10871f44b3ba5d62651a0895
BerryEsseen/DyadicPrawitzFiniteLeafCertificate36.lean	185c6bdecfd8d1877a9121e56426f5ecfc2130ce8f335114f5970b6e26c52f9a
BerryEsseen/DyadicPrawitzFiniteLeafCertificate37.lean	fecde728b6b7ef1ed75c20c7860b7fde8c31da05e445b32265f6a42265ea4db0
BerryEsseen/DyadicPrawitzFiniteLeafCertificate38.lean	c6ec595c147504240fb45a1ecf53eaae6537f5ed0bd1a4ed9e66d7d7f1e9a4cf
BerryEsseen/DyadicPrawitzFiniteLeafCertificate39.lean	208e3a1207213be5c531d8ccc646e08778a69f062b246eeeee1768ad8a164ae8
BerryEsseen/DyadicPrawitzFiniteLeafCertificate40.lean	462d4930d0d90ff3efd3eb05605463a135665cc4e89b45b680f2af124f13df4b
BerryEsseen/DyadicPrawitzFiniteLeafCertificate41.lean	5d9d91eeeeadc73e0b519aa0b6f8154b46e64c6a56d5166adcf476157fa5c0bb
BerryEsseen/DyadicPrawitzFiniteLeafCertificate42.lean	2ee404b92e89f2256f7141376e141f1cd34e6829cf9964f03cbbc8c32934bfa0
BerryEsseen/DyadicPrawitzFiniteLeafCertificate43.lean	62f7bc06b6c21c28880ec080379d2e1c37c8b1571bfbaec210f8e699c700f3d3
BerryEsseen/DyadicPrawitzFiniteLeafCertificate44.lean	9e31211c9eeb1db5a56ebebdaebae7411b8807dbafa10f4be40368fa4ee3f5c8
BerryEsseen/DyadicPrawitzFiniteLeafCertificate45.lean	5eda5075ce2b8a94db8c670783d831946709252589067445d3220a3c9316e494
BerryEsseen/DyadicPrawitzFiniteLeafCertificate46.lean	b3309757f08b438a88453c2f4c164be46d23696de1b555a78845fcb3af90fa5d
BerryEsseen/DyadicPrawitzFiniteLeafCertificate47.lean	e23ba1f8ad760d28d39ac6443d72f7e12ca1278ba74fd09986fe413cb64b0233
BerryEsseen/DyadicPrawitzFiniteLeafCertificate48.lean	98dc5b185f02a18b33be7791fe74649c1b9052a169bac9839b40891185d38f58
BerryEsseen/DyadicPrawitzFiniteLeafCertificate49.lean	cd59cd2babec60aa798a43852a1e44641ad310963c7350df4699aed5c139f4b3
BerryEsseen/DyadicPrawitzFiniteLeafCertificate50.lean	57efcebf9935989a6ea928b27b3145a4bdca59bd1a8a521bb8cfdcf103107ea1
BerryEsseen/DyadicPrawitzFiniteLeafCertificate51.lean	de33dae0a76aa9da87e4e13a6cb95e991d070baa5052209459104968b029553c
BerryEsseen/DyadicPrawitzFiniteLeafCertificate52.lean	e5e576e1a0189912fe1514e20b5d0e7c00075bff57156fa085208af9418656e6
BerryEsseen/DyadicPrawitzFiniteLeafCertificate53.lean	ee2d230036b2729338bf7c7adc55db049ad252dcdfaee428eb5b1c84ed8cd1bb
BerryEsseen/DyadicPrawitzFiniteLeafCertificate54.lean	51084f609f887b58b9b09d29bb9d6b2b96714b89b30bbc79966ba3950c0a470e
BerryEsseen/DyadicPrawitzFiniteLeafCertificate55.lean	f3f1fa427b26930bc1d4ee45db90d1b48f27052b239d890bf25d015021cc393a
BerryEsseen/DyadicPrawitzFiniteLeafCertificate56.lean	b5636c5ac4920d73db2b384b0945b3eba94f3a0bb303fda103e384535ec1a1c5
BerryEsseen/DyadicPrawitzFiniteLeafCertificate57.lean	06296e3798e32397ecb68dfc6d34a1f7b75d9d7914ca54296f348c78d6449248
BerryEsseen/DyadicPrawitzFiniteLeafCertificate58.lean	8f85d824410a2bc6000daf0553dda5b43f7a7fcb64abdcd1ba0ac31cdbf11bab
BerryEsseen/DyadicPrawitzFiniteLeafCertificate59.lean	44b87124b265298673a0b7af0213402555abb92b4f3aca70490cafce0a12d0e1
BerryEsseen/DyadicPrawitzFiniteLeafCertificate60.lean	fd3a2bef3281aec2b123924e06b765246e846efc8236c3effb72c57e4baeaa45
BerryEsseen/DyadicPrawitzFiniteLeafCertificate61.lean	a40b8476df41c6060668ee28ef81b1779fe9e7c90f6cb60c0f748f93eeb269b1
BerryEsseen/DyadicPrawitzFiniteLeafCertificate62.lean	ca4581d8c4087471adb97b065c8fc03ec995f4e732e3b612c4a0cd80b1a9e837
BerryEsseen/DyadicPrawitzFiniteLeafCertificate63.lean	7c33786faf1217c008d840af1c99d49f04f914631455f52ee9f4258657a3806c
BerryEsseen/DyadicPrawitzFiniteLeafCertificate64.lean	6da179914f0bd02b983b6ed0551f0ccee3e9a4924a6e77770e7b17c9c6184346
BerryEsseen/DyadicPrawitzFiniteLeafCertificate65.lean	1ae46056309f0f9a7c04a674639507adaf978aacb30f15819ebb6ea20804727f
BerryEsseen/DyadicPrawitzFiniteLeafCertificate66.lean	9fb9e7bda3f2a4081d627a7b307888eb07f1d56c769922256be3d1ab1f7c4297
BerryEsseen/DyadicPrawitzFiniteLeafCertificate67.lean	371d27a330a601a902d6a88900a1619a2492479290ad2f8fac113082f6ae56f3
BerryEsseen/DyadicPrawitzFiniteLeafCertificate68.lean	de24017643c82bc5d7fee928285c6e9cd77bcced54052d1736610df51e94a3cd
BerryEsseen/DyadicPrawitzFiniteLeafCertificate69.lean	734558e281d2f854b1732875ffb797fcc9455eb48f4d1551478833315636dcc0
BerryEsseen/DyadicPrawitzFiniteLeafCertificate70.lean	5d1fd10f057c32f3766460dc9f8392142daa18ff42b8c85a32dd8c3436c9a21c
BerryEsseen/DyadicPrawitzFiniteLeafCertificate71.lean	1fcf8232324b74ceab5df0510c62d21536397250f0c7f25d21d82886686fd45c
BerryEsseen/DyadicPrawitzFiniteLeafCertificate72.lean	39d3fd1c5950ae9c46b733b7ca11c5e492a2bbddaee9f630570919a41586e842
BerryEsseen/DyadicPrawitzFiniteLeafCertificate73.lean	1abdd2ec5038401e324e1d490114c8065af8f81498389b1f366aeb7d7cf32e04
BerryEsseen/DyadicPrawitzFiniteLeafCertificate74.lean	ad0785265b93fa1e76be053f8dcb347532d3ff0cc0fe3188f0e7870d707400c0
BerryEsseen/DyadicPrawitzFiniteLeafCertificate75.lean	c50ab1ac412646ea2755019e083e6d51e324d51734ec470379462ff09923e9cd
BerryEsseen/DyadicPrawitzFiniteLeafCertificate76.lean	5f3f88239b729003cd40d2b9cb18a6eeda7e1a42d64904996cb3acfe9ee85419
BerryEsseen/DyadicPrawitzFiniteLeafCertificate77.lean	64f73183f90b7fac37f6460426c8062a666a1c8aae127cf6733f845f93c7b8fb
BerryEsseen/DyadicPrawitzFiniteLeafCertificate78.lean	bfa8bc87d819041bdbdecf597c82e0f462172da9fb60727b11f0b8e96a2e6d47
BerryEsseen/DyadicPrawitzFiniteLeafCertificate79.lean	34d11572dec86991dd023b6467a6742296533c27ac254a9f3db545230b3d2f20
BerryEsseen/DyadicPrawitzFiniteLeafCertificate80.lean	f3828b790bbf71d913df7775419930a5961d65bfa1c0b079e6453a752c862393
BerryEsseen/DyadicPrawitzFiniteLeafCertificate81.lean	fa5e59855a5486ac39f12de783f5268b240bf0988bcddae3993e1eff2d8ca23d
BerryEsseen/DyadicPrawitzFiniteLeafCertificate82.lean	9832a432750968e09ca32a1b6f5d5d80593eb3edd2a4056179a9a3a12cb3f3dc
BerryEsseen/DyadicPrawitzFiniteLeafCertificate83.lean	fce69d470a32652247835b2031cd3f8f6ec5efbc43f66aa4ac74906409f17c11
BerryEsseen/DyadicPrawitzFiniteLeafCertificate84.lean	f154ae26457f6f4f298b4efbaa5803dc9c36e72fd1b548980b2c4a622f390f1d
BerryEsseen/DyadicPrawitzFiniteLeafCertificate85.lean	94f722c325b3004d69dd76eccb288146890c7094ce1a14cdfc2274b014ba91c6
BerryEsseen/DyadicPrawitzFiniteLeafCertificate86.lean	a13dee81dde6ff21a1915723ce7fa745b7235d388978f2556850bfb3ff174424
BerryEsseen/DyadicPrawitzFiniteLeafCertificate87.lean	4bc177ee28ae3b356757fc29c1ba588c5e985b53b7244604efafd0811a8ad549
BerryEsseen/DyadicPrawitzFiniteLeafCertificate88.lean	b12b75e1519b860d9cbef9ecd0cd2fa1a70dc44f23e289c1d4e2cc74eb9c9ea0
BerryEsseen/DyadicPrawitzFiniteLeafCertificate89.lean	2077bb9839d075e7e69beadd7c4c88f2dba6fd2f392dce9e8abcc5a93a756eb2
BerryEsseen/DyadicPrawitzFiniteLeafCertificate90.lean	2578c86307e94fd594b5fcbf84fb428e174fe2f00284a5f43a6bf8134ae6a38d
BerryEsseen/DyadicPrawitzFiniteLeafCertificate91.lean	b6bccd382177b3aa38111e7393e3eceaf29b71780e3d8728966bd83aef5045ac
BerryEsseen/DyadicPrawitzFiniteLeafCertificate92.lean	2fc73ea303c246f523008ffaf09851abbd01cba7008900cd8094754714d80b6f
BerryEsseen/DyadicPrawitzFiniteLeafCertificate93.lean	0c4b5ff21b81ba017414cd11e20a0ddb9f5692a36e6513a881e7d48c144d144b
BerryEsseen/DyadicPrawitzFiniteLeafCertificate94.lean	64b59ee12bfe24da35193b5623af4bfa14989d24ba823ba63fbb0ace1c29aaa2
BerryEsseen/DyadicPrawitzFiniteLeafCertificate95.lean	ce2691b5f7621e3715bb2b49151d1fd07d2aa0d0b465511725375575643fe194
BerryEsseen/DyadicPrawitzFiniteLeafCertificate96.lean	6847b4d5c7fdd0490da08b1ea9f66b084f7b3ae0331863d5b96cd5ca16f0347f
BerryEsseen/DyadicPrawitzFiniteLeafCertificate97.lean	bf02cc22d5af2e389516a1b17e4e4fb032de0474b257e7f38e586804de948acf
BerryEsseen/DyadicPrawitzFiniteLeafCertificate98.lean	421769d6b36a5c004c009fdcdf08bd1f9f69a85e32a0df82150763ca10f00542
BerryEsseen/DyadicPrawitzFiniteLeafCertificate99.lean	950311b94a25d312d9e740a1dfadbab94fe291c01aa4cd00ac0cf2a08fc20426
BerryEsseen/DyadicPrawitzLargeNLeafCertificateMiddle.lean	f188d94348115b509982699190aebe8660854f685925419265834ac0aa5db11f
BerryEsseen/DyadicPrawitzLargeNLeafCertificateSmall.lean	bcc9535a5aff9004b5cab51e233fb7e39f4bb82ec8277e032bcc8bacea4a5608
BerryEsseen/DyadicPrawitzLargeNLeafCertificateUpper.lean	3cbbeeadf0d9ff11117b0ee1d993642dacbcaa599cc1bf636b910ebb0a915375
